id_alumno,id_asignatura,evaluacion,nota_media,asistencia_porcentaje
1,19,1ª,7.5,82.9
1,19,2ª,7.8,100.0
1,19,3ª,6.0,81.5
1,2,1ª,9.7,96.5
1,2,2ª,5.6,93.1
1,2,3ª,5.6,78.0
1,12,1ª,7.0,56.3
1,12,2ª,3.1,76.6
1,12,3ª,4.5,89.7
1,17,1ª,4.7,63.8
1,17,2ª,9.4,81.6
1,17,3ª,6.6,63.6
1,3,1ª,5.4,86.7
1,3,2ª,4.2,90.6
1,3,3ª,5.3,80.6
1,10,1ª,5.3,100.0
1,10,2ª,6.5,69.1
1,10,3ª,8.1,66.7
2,15,1ª,6.9,55.6
2,15,2ª,3.8,88.0
2,15,3ª,8.0,87.6
2,25,1ª,6.3,80.5
2,25,2ª,3.5,74.2
2,25,3ª,5.6,100.0
2,2,1ª,7.2,58.6
2,2,2ª,7.1,79.2
2,2,3ª,5.1,94.2
2,23,1ª,8.6,99.0
2,23,2ª,4.8,80.4
2,23,3ª,7.2,99.6
2,12,1ª,5.5,82.2
2,12,2ª,4.3,67.1
2,12,3ª,8.1,100.0
2,10,1ª,6.4,100.0
2,10,2ª,7.2,75.3
2,10,3ª,7.2,100.0
3,3,1ª,6.4,100.0
3,3,2ª,1.3,97.3
3,3,3ª,6.7,80.5
3,21,1ª,6.7,55.2
3,21,2ª,6.1,90.4
3,21,3ª,9.5,77.2
3,25,1ª,4.9,77.5
3,25,2ª,8.3,89.9
3,25,3ª,5.4,92.7
3,20,1ª,6.7,99.5
3,20,2ª,5.1,80.1
3,20,3ª,5.7,63.0
3,22,1ª,7.1,88.9
3,22,2ª,6.5,81.5
3,22,3ª,3.7,78.7
3,17,1ª,5.8,73.0
3,17,2ª,6.2,91.1
3,17,3ª,10.0,87.6
4,13,1ª,7.0,83.9
4,13,2ª,2.7,84.6
4,13,3ª,6.6,100.0
4,15,1ª,6.1,89.5
4,15,2ª,6.4,67.5
4,15,3ª,8.8,96.3
4,19,1ª,8.1,71.4
4,19,2ª,9.3,64.0
4,19,3ª,7.7,100.0
4,18,1ª,4.5,76.5
4,18,2ª,6.7,77.4
4,18,3ª,3.4,86.0
4,2,1ª,4.4,92.1
4,2,2ª,4.7,100.0
4,2,3ª,4.9,80.2
4,24,1ª,8.1,66.5
4,24,2ª,7.0,100.0
4,24,3ª,3.3,87.8
5,19,1ª,7.0,96.7
5,19,2ª,4.0,65.2
5,19,3ª,7.5,89.5
5,21,1ª,7.0,90.2
5,21,2ª,5.1,88.5
5,21,3ª,7.1,74.3
5,7,1ª,10.0,92.1
5,7,2ª,4.1,94.8
5,7,3ª,4.6,96.8
5,11,1ª,8.8,72.7
5,11,2ª,8.4,91.2
5,11,3ª,8.1,100.0
5,20,1ª,6.0,73.7
5,20,2ª,4.7,72.8
5,20,3ª,6.3,90.1
5,16,1ª,7.1,97.4
5,16,2ª,6.5,100.0
5,16,3ª,6.0,100.0
6,17,1ª,7.8,72.1
6,17,2ª,4.4,92.2
6,17,3ª,6.1,95.7
6,5,1ª,7.4,83.9
6,5,2ª,4.8,62.3
6,5,3ª,5.6,97.8
6,2,1ª,6.9,66.3
6,2,2ª,6.8,90.8
6,2,3ª,4.7,87.3
6,15,1ª,6.6,67.9
6,15,2ª,7.2,93.4
6,15,3ª,8.7,100.0
6,4,1ª,3.7,70.9
6,4,2ª,7.5,92.7
6,4,3ª,7.5,100.0
6,11,1ª,7.6,100.0
6,11,2ª,8.4,94.8
6,11,3ª,5.9,96.4
7,23,1ª,5.0,81.4
7,23,2ª,5.5,86.2
7,23,3ª,10.0,57.0
7,3,1ª,7.9,60.8
7,3,2ª,5.6,100.0
7,3,3ª,6.6,68.8
7,17,1ª,5.1,95.2
7,17,2ª,5.0,88.2
7,17,3ª,6.6,75.2
7,21,1ª,10.0,94.5
7,21,2ª,2.4,87.8
7,21,3ª,5.2,97.8
7,6,1ª,4.9,83.3
7,6,2ª,7.5,98.0
7,6,3ª,4.1,80.0
7,2,1ª,5.6,75.2
7,2,2ª,10.0,91.1
7,2,3ª,4.0,98.8
8,8,1ª,10.0,100.0
8,8,2ª,3.5,77.7
8,8,3ª,9.0,74.4
8,23,1ª,7.4,96.6
8,23,2ª,4.6,84.1
8,23,3ª,0.0,69.6
8,15,1ª,6.0,66.3
8,15,2ª,9.8,63.5
8,15,3ª,5.6,87.0
8,24,1ª,9.4,63.5
8,24,2ª,8.8,85.2
8,24,3ª,4.5,91.9
8,17,1ª,6.9,76.0
8,17,2ª,6.6,79.2
8,17,3ª,6.7,94.9
8,21,1ª,9.7,66.4
8,21,2ª,10.0,55.7
8,21,3ª,6.2,93.8
9,20,1ª,7.1,75.7
9,20,2ª,6.1,77.6
9,20,3ª,5.3,97.7
9,6,1ª,7.2,74.6
9,6,2ª,8.3,89.6
9,6,3ª,8.1,94.4
9,12,1ª,4.8,76.6
9,12,2ª,8.0,94.2
9,12,3ª,6.5,86.8
9,23,1ª,9.1,76.1
9,23,2ª,7.6,82.0
9,23,3ª,6.1,100.0
9,10,1ª,8.2,97.2
9,10,2ª,9.1,85.3
9,10,3ª,7.9,80.3
9,13,1ª,7.1,83.0
9,13,2ª,6.7,93.9
9,13,3ª,4.9,100.0
10,14,1ª,4.5,66.8
10,14,2ª,8.8,96.9
10,14,3ª,7.7,94.4
10,11,1ª,6.5,71.5
10,11,2ª,6.7,74.8
10,11,3ª,8.5,82.8
10,22,1ª,4.8,80.2
10,22,2ª,7.3,76.5
10,22,3ª,4.9,88.7
10,20,1ª,7.0,77.4
10,20,2ª,5.6,88.5
10,20,3ª,3.6,63.9
10,2,1ª,5.1,81.8
10,2,2ª,7.1,100.0
10,2,3ª,8.2,82.6
10,24,1ª,6.5,70.0
10,24,2ª,6.5,80.7
10,24,3ª,7.1,72.6
11,3,1ª,7.5,100.0
11,3,2ª,6.3,91.0
11,3,3ª,7.9,79.0
11,11,1ª,6.9,85.2
11,11,2ª,6.7,73.4
11,11,3ª,6.5,92.5
11,4,1ª,9.4,99.4
11,4,2ª,10.0,73.5
11,4,3ª,8.2,87.8
11,18,1ª,10.0,72.9
11,18,2ª,4.8,76.0
11,18,3ª,2.3,77.1
11,13,1ª,5.0,87.3
11,13,2ª,7.2,100.0
11,13,3ª,8.4,76.3
11,10,1ª,4.7,92.4
11,10,2ª,3.9,100.0
11,10,3ª,8.9,78.0
12,9,1ª,3.1,100.0
12,9,2ª,6.3,100.0
12,9,3ª,3.3,76.0
12,24,1ª,6.5,85.7
12,24,2ª,5.6,94.3
12,24,3ª,4.4,82.9
12,22,1ª,6.7,92.7
12,22,2ª,7.9,68.1
12,22,3ª,3.4,100.0
12,20,1ª,7.2,73.8
12,20,2ª,9.6,86.7
12,20,3ª,8.9,86.0
12,5,1ª,10.0,100.0
12,5,2ª,6.0,99.6
12,5,3ª,7.8,100.0
12,11,1ª,4.6,95.3
12,11,2ª,8.6,58.6
12,11,3ª,4.1,54.4
13,3,1ª,6.0,95.8
13,3,2ª,9.5,86.1
13,3,3ª,9.8,64.3
13,19,1ª,3.1,84.2
13,19,2ª,7.3,84.5
13,19,3ª,2.4,83.7
13,22,1ª,3.9,95.0
13,22,2ª,7.2,70.9
13,22,3ª,5.5,69.1
13,5,1ª,6.4,99.3
13,5,2ª,4.5,92.6
13,5,3ª,5.4,73.1
13,12,1ª,6.3,69.5
13,12,2ª,5.4,67.0
13,12,3ª,10.0,85.5
13,10,1ª,5.1,88.2
13,10,2ª,6.3,81.7
13,10,3ª,7.7,96.4
14,21,1ª,5.4,76.4
14,21,2ª,5.9,50.5
14,21,3ª,3.5,100.0
14,23,1ª,9.8,81.3
14,23,2ª,7.7,89.7
14,23,3ª,10.0,100.0
14,22,1ª,6.2,70.7
14,22,2ª,3.3,88.1
14,22,3ª,5.0,63.7
14,13,1ª,5.2,68.8
14,13,2ª,9.9,98.2
14,13,3ª,6.5,100.0
14,5,1ª,6.7,72.1
14,5,2ª,9.5,93.1
14,5,3ª,4.4,82.1
14,20,1ª,4.7,64.3
14,20,2ª,8.4,100.0
14,20,3ª,3.7,93.4
15,23,1ª,5.2,77.7
15,23,2ª,5.3,72.0
15,23,3ª,6.6,72.5
15,3,1ª,7.0,84.2
15,3,2ª,6.0,71.4
15,3,3ª,5.3,96.3
15,10,1ª,7.5,70.3
15,10,2ª,6.7,96.3
15,10,3ª,3.2,93.2
15,18,1ª,5.2,93.6
15,18,2ª,5.0,57.9
15,18,3ª,3.2,85.7
15,13,1ª,7.0,71.4
15,13,2ª,7.8,60.1
15,13,3ª,6.4,66.8
15,11,1ª,5.2,85.7
15,11,2ª,4.8,79.2
15,11,3ª,8.5,76.3
16,5,1ª,8.2,68.1
16,5,2ª,7.6,100.0
16,5,3ª,1.6,73.0
16,22,1ª,7.7,82.0
16,22,2ª,7.2,75.9
16,22,3ª,6.7,82.7
16,23,1ª,8.8,88.8
16,23,2ª,7.2,78.8
16,23,3ª,5.5,78.5
16,24,1ª,7.3,78.7
16,24,2ª,7.1,100.0
16,24,3ª,8.2,80.1
16,17,1ª,8.9,78.9
16,17,2ª,2.4,69.9
16,17,3ª,2.8,79.7
16,3,1ª,6.5,100.0
16,3,2ª,7.2,81.7
16,3,3ª,8.2,51.8
17,21,1ª,7.0,96.6
17,21,2ª,3.5,100.0
17,21,3ª,7.2,78.8
17,22,1ª,7.8,100.0
17,22,2ª,6.9,88.7
17,22,3ª,5.6,72.3
17,14,1ª,8.2,72.2
17,14,2ª,6.6,77.8
17,14,3ª,7.5,90.0
17,17,1ª,8.6,77.3
17,17,2ª,6.0,70.3
17,17,3ª,5.6,90.7
17,12,1ª,8.0,71.2
17,12,2ª,8.2,100.0
17,12,3ª,7.3,100.0
17,1,1ª,5.0,66.3
17,1,2ª,2.9,100.0
17,1,3ª,7.8,84.2
18,12,1ª,7.1,68.1
18,12,2ª,10.0,86.9
18,12,3ª,6.7,95.9
18,10,1ª,7.5,88.4
18,10,2ª,4.9,92.1
18,10,3ª,10.0,100.0
18,6,1ª,9.7,77.3
18,6,2ª,4.5,83.1
18,6,3ª,6.6,100.0
18,7,1ª,3.1,100.0
18,7,2ª,6.2,78.6
18,7,3ª,4.5,60.2
18,11,1ª,8.1,86.1
18,11,2ª,3.9,65.6
18,11,3ª,5.8,100.0
18,16,1ª,6.0,62.5
18,16,2ª,6.0,80.9
18,16,3ª,1.1,84.2
19,7,1ª,6.0,95.4
19,7,2ª,10.0,100.0
19,7,3ª,6.0,68.4
19,8,1ª,10.0,85.9
19,8,2ª,6.5,84.6
19,8,3ª,6.9,82.8
19,5,1ª,5.4,76.8
19,5,2ª,6.4,76.8
19,5,3ª,5.1,86.6
19,23,1ª,6.0,100.0
19,23,2ª,1.2,100.0
19,23,3ª,9.0,53.9
19,3,1ª,5.8,79.4
19,3,2ª,3.7,73.3
19,3,3ª,4.3,100.0
19,10,1ª,8.4,100.0
19,10,2ª,7.9,68.1
19,10,3ª,5.5,92.3
20,4,1ª,4.1,95.7
20,4,2ª,6.0,79.4
20,4,3ª,7.9,91.7
20,17,1ª,5.8,100.0
20,17,2ª,4.3,94.2
20,17,3ª,7.7,80.4
20,18,1ª,7.2,66.2
20,18,2ª,8.3,82.2
20,18,3ª,5.5,100.0
20,24,1ª,5.1,63.9
20,24,2ª,3.4,94.1
20,24,3ª,3.9,100.0
20,2,1ª,2.3,100.0
20,2,2ª,6.9,83.5
20,2,3ª,5.4,91.0
20,11,1ª,6.4,100.0
20,11,2ª,6.7,87.3
20,11,3ª,5.8,84.1
21,25,1ª,7.1,59.3
21,25,2ª,3.8,96.1
21,25,3ª,6.8,82.2
21,20,1ª,6.5,90.2
21,20,2ª,5.4,73.3
21,20,3ª,6.9,70.3
21,5,1ª,7.3,59.5
21,5,2ª,8.6,92.1
21,5,3ª,7.0,99.7
21,24,1ª,9.8,100.0
21,24,2ª,2.8,65.8
21,24,3ª,5.3,85.4
21,13,1ª,7.5,74.1
21,13,2ª,6.9,73.7
21,13,3ª,5.3,63.9
21,23,1ª,4.7,64.7
21,23,2ª,4.5,100.0
21,23,3ª,4.6,100.0
22,6,1ª,7.5,87.8
22,6,2ª,4.8,95.5
22,6,3ª,5.3,86.8
22,25,1ª,10.0,83.6
22,25,2ª,8.8,74.5
22,25,3ª,6.4,100.0
22,23,1ª,5.2,100.0
22,23,2ª,7.9,76.6
22,23,3ª,7.8,99.6
22,20,1ª,7.7,61.4
22,20,2ª,5.0,81.3
22,20,3ª,6.4,94.3
22,24,1ª,6.9,65.0
22,24,2ª,7.3,94.2
22,24,3ª,7.6,100.0
22,15,1ª,8.2,91.9
22,15,2ª,6.4,60.1
22,15,3ª,7.4,88.1
23,2,1ª,7.0,65.8
23,2,2ª,4.3,100.0
23,2,3ª,6.4,95.2
23,14,1ª,6.6,85.4
23,14,2ª,8.4,77.3
23,14,3ª,6.7,78.1
23,12,1ª,5.6,80.4
23,12,2ª,6.9,77.8
23,12,3ª,9.0,71.6
23,22,1ª,6.1,78.4
23,22,2ª,9.4,87.9
23,22,3ª,8.6,62.7
23,8,1ª,7.0,98.3
23,8,2ª,6.7,100.0
23,8,3ª,5.5,100.0
23,15,1ª,10.0,79.6
23,15,2ª,5.6,100.0
23,15,3ª,9.7,77.2
24,20,1ª,5.7,80.8
24,20,2ª,3.8,71.2
24,20,3ª,4.5,73.5
24,10,1ª,6.4,88.5
24,10,2ª,9.6,70.0
24,10,3ª,8.5,81.8
24,15,1ª,6.4,95.1
24,15,2ª,4.3,90.7
24,15,3ª,6.8,92.4
24,8,1ª,7.1,100.0
24,8,2ª,5.2,77.0
24,8,3ª,5.3,76.7
24,18,1ª,5.2,100.0
24,18,2ª,9.3,76.4
24,18,3ª,4.8,92.1
24,22,1ª,5.4,94.5
24,22,2ª,6.9,62.3
24,22,3ª,9.6,100.0
25,10,1ª,5.3,79.2
25,10,2ª,7.1,90.0
25,10,3ª,7.8,100.0
25,16,1ª,6.1,73.0
25,16,2ª,3.7,74.0
25,16,3ª,6.4,100.0
25,7,1ª,5.5,88.4
25,7,2ª,6.5,100.0
25,7,3ª,10.0,77.0
25,12,1ª,5.5,100.0
25,12,2ª,7.9,100.0
25,12,3ª,7.7,79.6
25,19,1ª,7.7,100.0
25,19,2ª,8.1,92.6
25,19,3ª,8.6,100.0
25,15,1ª,9.3,94.7
25,15,2ª,6.2,87.2
25,15,3ª,8.9,72.7
26,15,1ª,7.2,79.1
26,15,2ª,6.6,100.0
26,15,3ª,6.9,85.7
26,10,1ª,3.8,96.2
26,10,2ª,7.8,100.0
26,10,3ª,5.9,88.3
26,13,1ª,7.0,100.0
26,13,2ª,6.3,89.2
26,13,3ª,7.7,87.8
26,17,1ª,5.6,87.9
26,17,2ª,8.6,69.6
26,17,3ª,6.8,74.5
26,22,1ª,8.9,62.2
26,22,2ª,5.4,90.7
26,22,3ª,9.6,84.0
26,14,1ª,5.4,100.0
26,14,2ª,3.6,52.0
26,14,3ª,7.4,77.5
27,6,1ª,4.5,95.6
27,6,2ª,7.0,76.5
27,6,3ª,3.9,98.1
27,7,1ª,7.8,83.5
27,7,2ª,10.0,68.9
27,7,3ª,3.4,74.6
27,20,1ª,6.4,88.7
27,20,2ª,6.0,90.3
27,20,3ª,4.0,100.0
27,5,1ª,6.3,100.0
27,5,2ª,7.2,91.9
27,5,3ª,7.6,91.7
27,9,1ª,7.8,100.0
27,9,2ª,6.9,95.6
27,9,3ª,6.3,100.0
27,2,1ª,5.1,100.0
27,2,2ª,6.4,63.5
27,2,3ª,6.8,74.8
28,21,1ª,8.2,75.2
28,21,2ª,5.6,56.7
28,21,3ª,5.6,48.6
28,16,1ª,3.3,96.4
28,16,2ª,8.1,91.4
28,16,3ª,4.6,84.3
28,12,1ª,6.5,67.6
28,12,2ª,9.5,98.2
28,12,3ª,6.1,85.4
28,18,1ª,6.9,54.4
28,18,2ª,6.0,74.8
28,18,3ª,4.5,80.8
28,4,1ª,10.0,94.6
28,4,2ª,5.4,93.6
28,4,3ª,9.3,98.9
28,17,1ª,6.6,75.3
28,17,2ª,7.9,90.9
28,17,3ª,8.3,94.5
29,4,1ª,8.6,77.0
29,4,2ª,9.1,88.0
29,4,3ª,10.0,74.7
29,10,1ª,10.0,88.0
29,10,2ª,5.2,77.7
29,10,3ª,5.9,91.4
29,3,1ª,7.5,76.4
29,3,2ª,6.5,100.0
29,3,3ª,10.0,91.5
29,6,1ª,6.6,86.8
29,6,2ª,7.7,69.7
29,6,3ª,6.0,60.0
29,9,1ª,7.3,94.7
29,9,2ª,5.5,100.0
29,9,3ª,4.0,63.0
29,15,1ª,6.9,100.0
29,15,2ª,9.9,78.1
29,15,3ª,8.7,84.4
30,17,1ª,6.2,98.3
30,17,2ª,7.8,61.4
30,17,3ª,9.5,100.0
30,5,1ª,5.2,90.9
30,5,2ª,7.5,88.9
30,5,3ª,5.4,74.9
30,14,1ª,6.4,100.0
30,14,2ª,7.6,79.4
30,14,3ª,8.0,42.3
30,3,1ª,8.8,58.9
30,3,2ª,5.8,68.2
30,3,3ª,3.9,100.0
30,8,1ª,5.6,90.2
30,8,2ª,6.4,92.2
30,8,3ª,6.7,65.8
30,15,1ª,8.5,77.6
30,15,2ª,3.4,78.6
30,15,3ª,9.5,97.8
31,12,1ª,5.8,79.8
31,12,2ª,5.9,100.0
31,12,3ª,7.3,91.5
31,1,1ª,8.6,88.6
31,1,2ª,6.0,82.1
31,1,3ª,6.4,84.4
31,14,1ª,8.0,85.8
31,14,2ª,8.0,83.8
31,14,3ª,6.7,55.0
31,2,1ª,8.3,90.2
31,2,2ª,8.5,41.6
31,2,3ª,10.0,82.9
31,13,1ª,8.7,69.4
31,13,2ª,7.7,69.2
31,13,3ª,5.3,100.0
31,17,1ª,6.1,88.3
31,17,2ª,8.2,92.4
31,17,3ª,6.8,90.5
32,12,1ª,10.0,84.1
32,12,2ª,6.9,100.0
32,12,3ª,8.7,100.0
32,8,1ª,7.8,67.9
32,8,2ª,9.8,67.8
32,8,3ª,7.1,73.7
32,13,1ª,6.4,89.9
32,13,2ª,7.1,91.3
32,13,3ª,9.7,91.8
32,3,1ª,6.0,99.5
32,3,2ª,8.9,66.6
32,3,3ª,7.7,95.5
32,25,1ª,5.9,100.0
32,25,2ª,6.2,86.9
32,25,3ª,6.2,85.2
32,24,1ª,4.3,63.4
32,24,2ª,9.7,72.3
32,24,3ª,4.5,52.7
33,1,1ª,5.2,65.2
33,1,2ª,9.8,100.0
33,1,3ª,5.1,100.0
33,11,1ª,8.5,80.1
33,11,2ª,1.5,100.0
33,11,3ª,3.7,60.3
33,4,1ª,8.5,100.0
33,4,2ª,9.3,93.5
33,4,3ª,7.7,97.8
33,21,1ª,8.0,89.2
33,21,2ª,6.7,84.1
33,21,3ª,5.0,80.8
33,24,1ª,3.1,83.5
33,24,2ª,4.5,68.4
33,24,3ª,6.9,100.0
33,5,1ª,8.3,61.4
33,5,2ª,4.5,99.1
33,5,3ª,4.5,81.6
34,5,1ª,7.6,70.5
34,5,2ª,6.7,65.0
34,5,3ª,5.3,89.8
34,2,1ª,3.3,91.6
34,2,2ª,6.5,93.3
34,2,3ª,6.9,100.0
34,10,1ª,6.8,78.6
34,10,2ª,6.7,93.1
34,10,3ª,6.6,85.6
34,16,1ª,5.1,75.1
34,16,2ª,3.7,100.0
34,16,3ª,4.0,74.6
34,25,1ª,5.1,98.4
34,25,2ª,5.9,100.0
34,25,3ª,5.2,89.2
34,22,1ª,4.8,100.0
34,22,2ª,4.1,89.6
34,22,3ª,7.8,91.2
35,15,1ª,6.1,83.1
35,15,2ª,6.6,82.8
35,15,3ª,8.4,100.0
35,20,1ª,5.4,64.5
35,20,2ª,6.3,100.0
35,20,3ª,4.9,100.0
35,1,1ª,9.9,76.7
35,1,2ª,7.6,100.0
35,1,3ª,5.7,81.9
35,3,1ª,5.3,69.8
35,3,2ª,5.2,66.6
35,3,3ª,6.6,73.5
35,23,1ª,7.0,61.7
35,23,2ª,7.2,97.5
35,23,3ª,2.5,90.6
35,9,1ª,9.0,66.9
35,9,2ª,9.8,91.3
35,9,3ª,5.1,84.2
36,7,1ª,7.6,86.1
36,7,2ª,7.6,71.2
36,7,3ª,6.8,63.8
36,5,1ª,6.3,71.4
36,5,2ª,5.0,100.0
36,5,3ª,8.7,94.1
36,18,1ª,4.3,80.3
36,18,2ª,8.9,87.1
36,18,3ª,10.0,90.9
36,20,1ª,6.9,80.4
36,20,2ª,6.8,82.7
36,20,3ª,7.9,99.4
36,17,1ª,4.9,65.0
36,17,2ª,2.8,92.6
36,17,3ª,4.3,52.7
36,14,1ª,7.3,100.0
36,14,2ª,6.5,97.6
36,14,3ª,6.7,83.5
37,4,1ª,8.3,80.6
37,4,2ª,7.0,89.8
37,4,3ª,5.2,99.9
37,10,1ª,6.2,73.7
37,10,2ª,7.6,71.5
37,10,3ª,6.6,84.9
37,8,1ª,8.7,92.1
37,8,2ª,6.4,97.3
37,8,3ª,9.3,93.4
37,24,1ª,6.5,65.3
37,24,2ª,4.4,80.4
37,24,3ª,5.3,82.2
37,25,1ª,6.6,92.9
37,25,2ª,6.4,92.3
37,25,3ª,6.6,55.4
37,2,1ª,4.6,82.8
37,2,2ª,4.1,94.0
37,2,3ª,9.6,100.0
38,8,1ª,6.1,100.0
38,8,2ª,6.8,79.9
38,8,3ª,5.3,80.5
38,14,1ª,5.7,87.6
38,14,2ª,6.8,85.0
38,14,3ª,7.4,100.0
38,21,1ª,8.4,62.7
38,21,2ª,1.4,99.0
38,21,3ª,3.8,81.6
38,20,1ª,4.2,58.0
38,20,2ª,7.6,96.4
38,20,3ª,5.3,46.1
38,15,1ª,5.4,90.9
38,15,2ª,3.5,87.8
38,15,3ª,6.5,93.7
38,3,1ª,6.7,70.4
38,3,2ª,8.9,82.6
38,3,3ª,6.4,71.0
39,4,1ª,5.6,71.7
39,4,2ª,6.2,100.0
39,4,3ª,3.8,60.8
39,16,1ª,9.4,81.9
39,16,2ª,5.2,100.0
39,16,3ª,5.3,100.0
39,20,1ª,7.9,77.7
39,20,2ª,10.0,75.9
39,20,3ª,8.0,89.5
39,18,1ª,9.1,100.0
39,18,2ª,6.6,73.7
39,18,3ª,7.4,74.8
39,1,1ª,10.0,87.0
39,1,2ª,5.8,87.8
39,1,3ª,3.8,70.4
39,17,1ª,8.9,75.1
39,17,2ª,4.4,93.0
39,17,3ª,8.9,95.8
40,19,1ª,8.5,73.6
40,19,2ª,3.7,100.0
40,19,3ª,5.9,81.2
40,8,1ª,9.2,93.3
40,8,2ª,7.4,100.0
40,8,3ª,5.2,98.9
40,23,1ª,6.6,89.0
40,23,2ª,9.6,92.6
40,23,3ª,7.6,100.0
40,5,1ª,5.8,72.4
40,5,2ª,4.4,55.5
40,5,3ª,10.0,68.5
40,10,1ª,6.1,80.8
40,10,2ª,7.1,97.2
40,10,3ª,8.2,76.3
40,14,1ª,6.2,89.2
40,14,2ª,6.0,100.0
40,14,3ª,7.5,96.0
41,1,1ª,7.8,100.0
41,1,2ª,6.9,65.5
41,1,3ª,7.3,75.2
41,20,1ª,5.4,93.8
41,20,2ª,9.0,85.3
41,20,3ª,7.1,100.0
41,12,1ª,7.0,100.0
41,12,2ª,7.6,58.6
41,12,3ª,8.0,90.7
41,8,1ª,9.1,95.1
41,8,2ª,6.2,66.6
41,8,3ª,6.1,72.2
41,19,1ª,5.3,93.8
41,19,2ª,9.8,90.9
41,19,3ª,4.1,91.7
41,14,1ª,8.9,75.9
41,14,2ª,6.2,85.2
41,14,3ª,4.9,94.7
42,6,1ª,6.3,91.3
42,6,2ª,4.7,78.4
42,6,3ª,7.9,79.4
42,22,1ª,10.0,79.0
42,22,2ª,6.9,99.0
42,22,3ª,3.7,58.6
42,24,1ª,3.4,100.0
42,24,2ª,5.4,100.0
42,24,3ª,5.4,87.8
42,3,1ª,9.6,100.0
42,3,2ª,10.0,100.0
42,3,3ª,8.5,93.9
42,17,1ª,8.1,76.7
42,17,2ª,4.9,84.9
42,17,3ª,6.2,78.2
42,12,1ª,7.9,99.3
42,12,2ª,6.7,100.0
42,12,3ª,4.2,82.1
43,3,1ª,5.1,57.0
43,3,2ª,6.3,83.2
43,3,3ª,9.5,94.5
43,17,1ª,4.5,100.0
43,17,2ª,8.9,93.7
43,17,3ª,6.0,70.6
43,18,1ª,5.8,100.0
43,18,2ª,10.0,100.0
43,18,3ª,5.5,68.2
43,24,1ª,6.8,58.5
43,24,2ª,7.1,82.8
43,24,3ª,5.6,61.1
43,22,1ª,7.5,77.0
43,22,2ª,4.2,41.9
43,22,3ª,6.4,100.0
43,23,1ª,9.8,78.1
43,23,2ª,5.3,92.0
43,23,3ª,4.5,89.5
44,1,1ª,8.0,100.0
44,1,2ª,6.3,81.9
44,1,3ª,4.7,72.6
44,13,1ª,6.0,90.5
44,13,2ª,8.3,73.0
44,13,3ª,9.5,80.9
44,16,1ª,6.5,73.8
44,16,2ª,1.7,98.3
44,16,3ª,8.0,80.8
44,2,1ª,6.6,92.7
44,2,2ª,3.4,77.1
44,2,3ª,8.1,66.2
44,21,1ª,7.1,64.7
44,21,2ª,7.4,84.5
44,21,3ª,3.3,100.0
44,24,1ª,5.0,72.8
44,24,2ª,6.9,100.0
44,24,3ª,4.5,85.9
45,12,1ª,7.4,95.4
45,12,2ª,6.9,79.5
45,12,3ª,4.8,86.3
45,9,1ª,4.4,41.2
45,9,2ª,7.4,98.6
45,9,3ª,1.8,69.9
45,1,1ª,7.7,100.0
45,1,2ª,6.5,74.1
45,1,3ª,6.1,100.0
45,25,1ª,5.2,73.0
45,25,2ª,5.5,70.7
45,25,3ª,6.7,100.0
45,3,1ª,7.1,81.2
45,3,2ª,5.9,61.6
45,3,3ª,8.3,83.8
45,22,1ª,6.1,100.0
45,22,2ª,7.1,73.7
45,22,3ª,5.6,100.0
46,8,1ª,6.7,63.4
46,8,2ª,8.3,75.0
46,8,3ª,10.0,100.0
46,24,1ª,5.6,100.0
46,24,2ª,6.6,97.8
46,24,3ª,7.5,72.3
46,22,1ª,5.2,100.0
46,22,2ª,5.8,78.9
46,22,3ª,4.6,91.4
46,21,1ª,10.0,69.0
46,21,2ª,6.5,100.0
46,21,3ª,6.3,91.8
46,4,1ª,4.4,91.4
46,4,2ª,6.1,99.8
46,4,3ª,8.9,100.0
46,19,1ª,7.7,89.9
46,19,2ª,6.9,79.7
46,19,3ª,7.2,80.6
47,24,1ª,6.8,100.0
47,24,2ª,4.5,100.0
47,24,3ª,9.1,83.2
47,11,1ª,2.3,75.9
47,11,2ª,9.1,84.7
47,11,3ª,4.5,77.4
47,5,1ª,8.2,93.2
47,5,2ª,6.0,79.5
47,5,3ª,5.7,71.2
47,2,1ª,9.7,80.2
47,2,2ª,8.9,100.0
47,2,3ª,8.5,78.5
47,12,1ª,7.3,84.6
47,12,2ª,4.7,89.9
47,12,3ª,4.1,100.0
47,18,1ª,5.6,88.0
47,18,2ª,7.1,81.1
47,18,3ª,7.7,77.9
48,11,1ª,8.2,64.8
48,11,2ª,6.8,100.0
48,11,3ª,4.5,74.8
48,21,1ª,7.5,87.7
48,21,2ª,7.2,92.3
48,21,3ª,7.8,100.0
48,6,1ª,7.3,81.4
48,6,2ª,7.8,100.0
48,6,3ª,6.2,70.4
48,22,1ª,8.7,83.2
48,22,2ª,2.2,97.7
48,22,3ª,5.4,83.6
48,15,1ª,7.2,87.9
48,15,2ª,7.9,78.5
48,15,3ª,7.5,81.1
48,16,1ª,8.0,94.2
48,16,2ª,4.6,100.0
48,16,3ª,5.4,97.1
49,21,1ª,7.2,100.0
49,21,2ª,6.1,79.8
49,21,3ª,6.5,80.5
49,6,1ª,8.1,60.8
49,6,2ª,4.4,69.0
49,6,3ª,8.4,100.0
49,5,1ª,6.3,82.5
49,5,2ª,6.6,100.0
49,5,3ª,4.6,88.6
49,3,1ª,8.5,92.5
49,3,2ª,6.9,100.0
49,3,3ª,1.1,95.2
49,15,1ª,5.2,57.5
49,15,2ª,7.5,100.0
49,15,3ª,6.2,99.3
49,2,1ª,9.7,100.0
49,2,2ª,9.8,96.1
49,2,3ª,6.7,61.0
50,10,1ª,6.0,72.4
50,10,2ª,10.0,82.4
50,10,3ª,6.7,93.3
50,7,1ª,6.6,100.0
50,7,2ª,5.3,87.9
50,7,3ª,5.0,65.2
50,2,1ª,5.3,84.4
50,2,2ª,5.6,74.6
50,2,3ª,3.7,83.8
50,24,1ª,3.5,96.4
50,24,2ª,6.7,63.1
50,24,3ª,5.9,73.7
50,23,1ª,7.1,100.0
50,23,2ª,2.7,86.7
50,23,3ª,6.2,95.1
50,11,1ª,6.9,73.7
50,11,2ª,5.9,73.1
50,11,3ª,8.7,85.3
51,10,1ª,10.0,84.1
51,10,2ª,5.1,62.3
51,10,3ª,2.9,61.2
51,17,1ª,7.0,92.6
51,17,2ª,3.3,98.4
51,17,3ª,5.5,87.2
51,13,1ª,9.7,98.5
51,13,2ª,6.0,71.6
51,13,3ª,2.2,74.2
51,18,1ª,6.1,70.2
51,18,2ª,6.2,86.2
51,18,3ª,6.1,75.2
51,16,1ª,6.8,91.6
51,16,2ª,4.3,100.0
51,16,3ª,6.3,85.3
51,9,1ª,7.9,88.5
51,9,2ª,8.4,89.3
51,9,3ª,5.3,90.4
52,2,1ª,4.2,86.6
52,2,2ª,6.4,81.9
52,2,3ª,6.2,56.8
52,21,1ª,5.4,86.4
52,21,2ª,6.8,69.6
52,21,3ª,9.0,72.0
52,7,1ª,8.4,91.4
52,7,2ª,5.2,100.0
52,7,3ª,4.1,98.8
52,10,1ª,8.5,74.9
52,10,2ª,9.3,81.2
52,10,3ª,7.1,88.9
52,12,1ª,6.2,97.2
52,12,2ª,8.1,58.8
52,12,3ª,9.1,60.1
52,25,1ª,8.6,100.0
52,25,2ª,4.3,78.8
52,25,3ª,4.3,81.8
53,21,1ª,5.9,96.7
53,21,2ª,9.1,100.0
53,21,3ª,5.4,81.9
53,11,1ª,3.1,72.9
53,11,2ª,8.4,100.0
53,11,3ª,4.0,76.1
53,9,1ª,6.4,89.2
53,9,2ª,4.9,91.4
53,9,3ª,5.6,84.8
53,4,1ª,7.6,85.1
53,4,2ª,5.6,83.4
53,4,3ª,6.3,79.4
53,12,1ª,6.0,100.0
53,12,2ª,7.6,80.6
53,12,3ª,7.9,80.0
53,14,1ª,8.8,90.5
53,14,2ª,6.3,91.7
53,14,3ª,3.4,68.1
54,13,1ª,4.1,87.1
54,13,2ª,10.0,100.0
54,13,3ª,7.8,92.5
54,24,1ª,2.9,76.9
54,24,2ª,4.9,75.7
54,24,3ª,6.2,77.9
54,15,1ª,2.5,96.2
54,15,2ª,4.4,88.6
54,15,3ª,10.0,71.2
54,25,1ª,1.4,80.7
54,25,2ª,8.7,100.0
54,25,3ª,4.0,92.5
54,11,1ª,5.6,83.4
54,11,2ª,10.0,62.5
54,11,3ª,7.0,92.0
54,6,1ª,8.7,86.5
54,6,2ª,7.1,79.1
54,6,3ª,7.0,79.9
55,16,1ª,7.7,79.5
55,16,2ª,7.3,84.6
55,16,3ª,8.8,84.2
55,23,1ª,3.0,100.0
55,23,2ª,4.7,75.2
55,23,3ª,5.3,100.0
55,25,1ª,2.2,100.0
55,25,2ª,8.6,88.3
55,25,3ª,6.4,89.3
55,12,1ª,7.5,94.7
55,12,2ª,7.6,86.3
55,12,3ª,6.1,82.7
55,17,1ª,6.1,100.0
55,17,2ª,7.7,40.9
55,17,3ª,7.8,87.9
55,9,1ª,6.5,79.2
55,9,2ª,8.7,99.2
55,9,3ª,5.0,91.1
56,3,1ª,4.6,64.3
56,3,2ª,5.2,97.9
56,3,3ª,8.4,92.7
56,24,1ª,8.0,92.7
56,24,2ª,5.2,91.5
56,24,3ª,8.1,96.3
56,14,1ª,8.9,95.6
56,14,2ª,7.2,100.0
56,14,3ª,6.4,71.8
56,25,1ª,6.2,73.8
56,25,2ª,5.1,82.8
56,25,3ª,4.9,80.4
56,23,1ª,2.7,88.2
56,23,2ª,6.5,72.7
56,23,3ª,7.8,99.1
56,20,1ª,3.3,73.6
56,20,2ª,5.0,70.9
56,20,3ª,8.2,82.1
57,6,1ª,6.0,54.9
57,6,2ª,7.8,66.4
57,6,3ª,6.6,89.2
57,18,1ª,9.2,65.4
57,18,2ª,0.5,87.8
57,18,3ª,10.0,100.0
57,10,1ª,6.9,77.6
57,10,2ª,8.1,70.4
57,10,3ª,7.5,92.6
57,11,1ª,8.6,100.0
57,11,2ª,7.3,77.4
57,11,3ª,6.4,58.5
57,4,1ª,5.1,78.9
57,4,2ª,5.5,87.3
57,4,3ª,4.9,100.0
57,3,1ª,6.5,84.9
57,3,2ª,5.8,87.3
57,3,3ª,8.2,72.0
58,11,1ª,5.2,80.4
58,11,2ª,3.8,72.7
58,11,3ª,5.5,98.1
58,22,1ª,7.0,87.9
58,22,2ª,8.2,82.9
58,22,3ª,7.3,83.5
58,10,1ª,7.0,76.3
58,10,2ª,1.6,83.0
58,10,3ª,9.3,98.9
58,23,1ª,8.4,100.0
58,23,2ª,6.7,88.0
58,23,3ª,5.3,80.3
58,15,1ª,7.7,100.0
58,15,2ª,6.2,78.2
58,15,3ª,6.5,94.0
58,20,1ª,3.6,50.6
58,20,2ª,5.4,66.7
58,20,3ª,5.5,82.8
59,23,1ª,5.6,100.0
59,23,2ª,7.2,89.5
59,23,3ª,7.7,67.9
59,14,1ª,8.6,83.9
59,14,2ª,7.8,68.9
59,14,3ª,3.4,97.3
59,6,1ª,7.3,71.5
59,6,2ª,4.8,100.0
59,6,3ª,4.1,100.0
59,15,1ª,4.7,94.6
59,15,2ª,5.8,94.0
59,15,3ª,5.4,82.6
59,12,1ª,6.6,70.0
59,12,2ª,8.0,77.3
59,12,3ª,6.0,70.1
59,22,1ª,1.4,82.1
59,22,2ª,10.0,96.8
59,22,3ª,6.5,81.1
60,2,1ª,6.5,93.2
60,2,2ª,4.1,100.0
60,2,3ª,7.9,95.8
60,24,1ª,7.4,85.3
60,24,2ª,7.8,93.9
60,24,3ª,5.8,76.4
60,12,1ª,6.7,100.0
60,12,2ª,4.0,63.0
60,12,3ª,6.8,85.8
60,20,1ª,6.8,88.7
60,20,2ª,6.1,100.0
60,20,3ª,3.3,72.6
60,14,1ª,6.3,60.4
60,14,2ª,6.1,100.0
60,14,3ª,6.5,88.5
60,9,1ª,4.0,75.8
60,9,2ª,5.7,80.2
60,9,3ª,9.1,93.4
61,21,1ª,4.3,88.7
61,21,2ª,7.5,100.0
61,21,3ª,9.7,69.8
61,2,1ª,4.9,66.1
61,2,2ª,6.0,92.0
61,2,3ª,8.5,83.9
61,3,1ª,5.9,87.3
61,3,2ª,4.8,100.0
61,3,3ª,3.3,87.8
61,22,1ª,10.0,85.1
61,22,2ª,6.1,79.6
61,22,3ª,6.1,100.0
61,25,1ª,2.1,100.0
61,25,2ª,3.7,81.0
61,25,3ª,5.6,93.8
61,13,1ª,3.3,91.9
61,13,2ª,10.0,64.6
61,13,3ª,6.9,75.1
62,12,1ª,7.4,85.3
62,12,2ª,5.2,92.3
62,12,3ª,10.0,82.1
62,17,1ª,7.9,65.6
62,17,2ª,4.6,92.1
62,17,3ª,9.5,90.3
62,22,1ª,5.9,85.0
62,22,2ª,4.0,94.1
62,22,3ª,8.3,78.2
62,6,1ª,5.6,89.0
62,6,2ª,5.6,84.0
62,6,3ª,10.0,81.3
62,1,1ª,5.8,75.3
62,1,2ª,8.0,82.3
62,1,3ª,5.2,100.0
62,5,1ª,9.3,76.0
62,5,2ª,2.8,100.0
62,5,3ª,5.1,96.9
63,20,1ª,2.6,98.4
63,20,2ª,4.1,96.0
63,20,3ª,6.5,70.7
63,22,1ª,5.7,95.3
63,22,2ª,6.7,93.8
63,22,3ª,10.0,61.5
63,15,1ª,9.7,86.6
63,15,2ª,4.7,65.0
63,15,3ª,6.1,98.8
63,2,1ª,6.2,100.0
63,2,2ª,3.6,84.8
63,2,3ª,4.0,90.5
63,5,1ª,8.3,78.7
63,5,2ª,1.3,88.0
63,5,3ª,7.4,91.1
63,3,1ª,9.0,68.9
63,3,2ª,7.9,100.0
63,3,3ª,2.9,89.8
64,8,1ª,5.5,83.8
64,8,2ª,7.2,77.7
64,8,3ª,5.1,85.5
64,21,1ª,4.3,68.7
64,21,2ª,7.9,67.8
64,21,3ª,7.8,91.9
64,12,1ª,3.0,74.8
64,12,2ª,8.9,70.3
64,12,3ª,5.6,91.9
64,23,1ª,8.1,81.2
64,23,2ª,5.3,100.0
64,23,3ª,10.0,99.7
64,13,1ª,6.7,72.9
64,13,2ª,4.8,92.8
64,13,3ª,7.3,100.0
64,19,1ª,7.8,62.5
64,19,2ª,8.6,70.0
64,19,3ª,5.7,88.8
65,2,1ª,10.0,100.0
65,2,2ª,7.7,82.3
65,2,3ª,7.6,98.3
65,20,1ª,5.9,100.0
65,20,2ª,7.0,92.5
65,20,3ª,7.8,91.3
65,5,1ª,8.2,75.7
65,5,2ª,5.4,68.5
65,5,3ª,7.4,96.7
65,22,1ª,7.4,100.0
65,22,2ª,6.5,95.0
65,22,3ª,4.3,79.2
65,15,1ª,7.9,97.7
65,15,2ª,5.9,83.9
65,15,3ª,3.5,79.6
65,12,1ª,8.3,93.6
65,12,2ª,7.5,85.7
65,12,3ª,6.5,75.1
66,12,1ª,7.9,91.3
66,12,2ª,7.5,77.1
66,12,3ª,2.2,100.0
66,15,1ª,5.5,72.1
66,15,2ª,7.9,79.1
66,15,3ª,8.6,94.3
66,3,1ª,7.9,64.5
66,3,2ª,8.9,88.9
66,3,3ª,5.8,87.2
66,19,1ª,2.9,91.1
66,19,2ª,4.4,64.7
66,19,3ª,3.5,100.0
66,5,1ª,5.2,100.0
66,5,2ª,5.4,59.4
66,5,3ª,4.3,100.0
66,17,1ª,6.2,76.8
66,17,2ª,6.8,92.5
66,17,3ª,8.7,100.0
67,12,1ª,5.8,65.1
67,12,2ª,5.7,88.9
67,12,3ª,4.6,70.6
67,13,1ª,7.2,84.3
67,13,2ª,6.6,73.6
67,13,3ª,6.0,71.1
67,11,1ª,8.3,100.0
67,11,2ª,2.8,71.1
67,11,3ª,3.5,75.2
67,21,1ª,6.3,63.3
67,21,2ª,4.7,69.9
67,21,3ª,6.9,86.0
67,9,1ª,5.1,87.7
67,9,2ª,5.4,80.9
67,9,3ª,9.8,100.0
67,8,1ª,3.9,97.4
67,8,2ª,8.1,67.8
67,8,3ª,8.1,100.0
68,4,1ª,4.3,71.2
68,4,2ª,8.5,89.1
68,4,3ª,7.6,90.1
68,1,1ª,7.3,65.1
68,1,2ª,8.6,100.0
68,1,3ª,6.0,84.3
68,6,1ª,3.4,92.7
68,6,2ª,7.6,84.1
68,6,3ª,8.7,80.0
68,16,1ª,7.6,69.7
68,16,2ª,6.5,82.4
68,16,3ª,7.0,79.5
68,17,1ª,6.2,97.4
68,17,2ª,5.6,60.9
68,17,3ª,10.0,100.0
68,13,1ª,3.9,95.3
68,13,2ª,5.5,89.0
68,13,3ª,7.1,81.5
69,18,1ª,4.9,74.6
69,18,2ª,4.7,72.5
69,18,3ª,6.4,74.3
69,4,1ª,7.9,100.0
69,4,2ª,5.3,88.6
69,4,3ª,7.5,92.1
69,9,1ª,6.7,96.1
69,9,2ª,7.5,66.4
69,9,3ª,8.2,98.3
69,23,1ª,5.0,85.6
69,23,2ª,7.9,81.9
69,23,3ª,8.6,100.0
69,15,1ª,4.9,64.3
69,15,2ª,7.1,95.8
69,15,3ª,6.0,100.0
69,7,1ª,3.8,95.4
69,7,2ª,5.3,100.0
69,7,3ª,10.0,73.5
70,20,1ª,5.4,97.9
70,20,2ª,5.7,84.3
70,20,3ª,6.6,56.2
70,10,1ª,6.5,74.7
70,10,2ª,5.5,100.0
70,10,3ª,4.0,97.2
70,23,1ª,5.9,80.8
70,23,2ª,8.1,90.1
70,23,3ª,7.6,99.5
70,16,1ª,5.8,75.8
70,16,2ª,4.3,72.6
70,16,3ª,10.0,100.0
70,7,1ª,3.8,65.2
70,7,2ª,7.5,93.2
70,7,3ª,7.6,81.2
70,4,1ª,6.2,89.9
70,4,2ª,6.7,51.7
70,4,3ª,6.0,72.2
71,5,1ª,6.9,100.0
71,5,2ª,7.2,80.3
71,5,3ª,8.3,92.2
71,3,1ª,7.3,94.1
71,3,2ª,10.0,68.0
71,3,3ª,7.4,71.1
71,15,1ª,7.6,71.2
71,15,2ª,5.7,80.6
71,15,3ª,8.5,98.8
71,6,1ª,4.0,85.8
71,6,2ª,5.1,66.1
71,6,3ª,6.1,80.4
71,23,1ª,10.0,91.5
71,23,2ª,3.7,76.5
71,23,3ª,8.5,100.0
71,24,1ª,3.3,56.8
71,24,2ª,10.0,90.8
71,24,3ª,4.8,93.0
72,22,1ª,1.2,85.1
72,22,2ª,7.2,98.9
72,22,3ª,4.5,86.3
72,11,1ª,4.6,88.8
72,11,2ª,4.7,78.9
72,11,3ª,4.5,94.8
72,25,1ª,8.2,81.5
72,25,2ª,6.6,63.3
72,25,3ª,5.9,84.2
72,12,1ª,10.0,68.3
72,12,2ª,9.4,100.0
72,12,3ª,7.1,100.0
72,3,1ª,7.2,90.8
72,3,2ª,6.4,100.0
72,3,3ª,8.7,75.6
72,18,1ª,3.9,82.0
72,18,2ª,4.9,84.0
72,18,3ª,9.0,78.1
73,18,1ª,6.4,85.9
73,18,2ª,8.2,51.3
73,18,3ª,5.3,88.2
73,10,1ª,8.9,77.6
73,10,2ª,2.7,94.3
73,10,3ª,5.2,67.2
73,24,1ª,5.3,82.2
73,24,2ª,5.3,51.9
73,24,3ª,8.3,100.0
73,6,1ª,7.8,67.9
73,6,2ª,6.1,84.9
73,6,3ª,7.7,95.0
73,21,1ª,5.0,86.2
73,21,2ª,7.4,100.0
73,21,3ª,7.9,96.8
73,22,1ª,6.7,100.0
73,22,2ª,7.3,72.1
73,22,3ª,9.3,95.5
74,12,1ª,5.6,77.8
74,12,2ª,7.1,91.9
74,12,3ª,6.9,89.7
74,17,1ª,9.9,100.0
74,17,2ª,6.9,99.1
74,17,3ª,4.4,91.0
74,8,1ª,10.0,81.7
74,8,2ª,4.8,75.2
74,8,3ª,4.3,73.2
74,4,1ª,5.8,63.9
74,4,2ª,6.5,98.5
74,4,3ª,4.7,100.0
74,7,1ª,7.5,100.0
74,7,2ª,5.2,97.8
74,7,3ª,4.3,98.4
74,5,1ª,6.8,93.3
74,5,2ª,4.1,71.6
74,5,3ª,7.7,70.8
75,8,1ª,7.4,64.5
75,8,2ª,8.2,66.5
75,8,3ª,7.6,94.4
75,16,1ª,5.1,93.7
75,16,2ª,7.0,76.9
75,16,3ª,4.5,55.6
75,1,1ª,7.2,61.5
75,1,2ª,6.7,81.0
75,1,3ª,7.9,80.5
75,12,1ª,5.8,96.0
75,12,2ª,7.2,89.7
75,12,3ª,7.4,62.0
75,18,1ª,8.0,94.2
75,18,2ª,4.5,81.3
75,18,3ª,6.4,83.0
75,19,1ª,7.2,100.0
75,19,2ª,8.7,65.3
75,19,3ª,7.7,100.0
76,12,1ª,7.3,100.0
76,12,2ª,10.0,100.0
76,12,3ª,7.0,100.0
76,15,1ª,6.8,85.4
76,15,2ª,5.8,100.0
76,15,3ª,4.9,100.0
76,18,1ª,7.5,64.0
76,18,2ª,7.2,53.5
76,18,3ª,7.8,98.3
76,5,1ª,5.3,86.9
76,5,2ª,10.0,77.4
76,5,3ª,4.4,100.0
76,20,1ª,10.0,85.1
76,20,2ª,8.5,100.0
76,20,3ª,5.0,77.7
76,3,1ª,9.0,100.0
76,3,2ª,7.6,71.8
76,3,3ª,10.0,77.0
77,3,1ª,5.8,90.1
77,3,2ª,9.6,97.8
77,3,3ª,7.3,91.9
77,10,1ª,6.6,93.4
77,10,2ª,1.4,80.6
77,10,3ª,7.0,67.7
77,13,1ª,7.3,81.9
77,13,2ª,10.0,100.0
77,13,3ª,5.6,82.7
77,16,1ª,6.4,78.2
77,16,2ª,6.9,73.6
77,16,3ª,4.2,94.3
77,17,1ª,7.8,72.9
77,17,2ª,8.3,75.5
77,17,3ª,7.0,97.3
77,14,1ª,6.4,91.8
77,14,2ª,5.5,82.1
77,14,3ª,6.1,73.8
78,25,1ª,6.1,61.8
78,25,2ª,5.5,80.7
78,25,3ª,6.0,81.4
78,14,1ª,6.4,92.2
78,14,2ª,8.2,75.3
78,14,3ª,4.1,69.4
78,19,1ª,5.5,79.7
78,19,2ª,5.0,65.6
78,19,3ª,5.6,87.7
78,3,1ª,7.7,76.6
78,3,2ª,5.7,71.1
78,3,3ª,6.4,72.3
78,5,1ª,7.6,58.2
78,5,2ª,5.8,89.5
78,5,3ª,6.9,100.0
78,11,1ª,7.2,69.9
78,11,2ª,6.3,58.4
78,11,3ª,6.3,72.5
79,21,1ª,8.3,76.8
79,21,2ª,6.3,75.5
79,21,3ª,10.0,80.2
79,3,1ª,10.0,97.2
79,3,2ª,7.5,90.5
79,3,3ª,7.3,56.1
79,15,1ª,5.9,97.7
79,15,2ª,6.4,63.9
79,15,3ª,6.4,100.0
79,23,1ª,9.0,84.1
79,23,2ª,8.4,79.5
79,23,3ª,3.1,71.1
79,17,1ª,9.6,80.9
79,17,2ª,6.0,80.5
79,17,3ª,10.0,100.0
79,12,1ª,10.0,82.6
79,12,2ª,7.1,62.3
79,12,3ª,9.5,67.5
80,5,1ª,6.9,68.5
80,5,2ª,5.3,72.4
80,5,3ª,5.3,76.9
80,18,1ª,5.4,97.5
80,18,2ª,4.3,88.3
80,18,3ª,8.9,77.3
80,21,1ª,5.1,81.5
80,21,2ª,8.9,87.9
80,21,3ª,5.4,92.3
80,19,1ª,4.3,95.2
80,19,2ª,7.3,80.4
80,19,3ª,4.8,71.7
80,6,1ª,7.6,100.0
80,6,2ª,5.2,91.9
80,6,3ª,2.3,76.2
80,25,1ª,6.4,71.4
80,25,2ª,4.6,75.0
80,25,3ª,7.1,82.2
81,14,1ª,2.0,53.2
81,14,2ª,5.3,91.9
81,14,3ª,1.0,77.5
81,17,1ª,5.4,100.0
81,17,2ª,5.7,90.7
81,17,3ª,6.8,53.0
81,2,1ª,8.0,88.2
81,2,2ª,7.5,100.0
81,2,3ª,2.3,100.0
81,4,1ª,5.9,89.3
81,4,2ª,6.4,78.6
81,4,3ª,5.4,89.9
81,24,1ª,3.5,96.3
81,24,2ª,5.7,68.0
81,24,3ª,5.6,100.0
81,5,1ª,5.4,90.4
81,5,2ª,5.0,96.4
81,5,3ª,7.9,100.0
82,10,1ª,6.1,95.0
82,10,2ª,6.7,100.0
82,10,3ª,5.1,96.2
82,6,1ª,6.1,84.0
82,6,2ª,6.7,88.8
82,6,3ª,6.3,88.2
82,24,1ª,9.7,99.8
82,24,2ª,8.2,78.2
82,24,3ª,4.7,99.3
82,11,1ª,8.3,100.0
82,11,2ª,5.3,81.6
82,11,3ª,3.2,79.1
82,8,1ª,8.5,78.0
82,8,2ª,7.8,82.1
82,8,3ª,7.1,67.8
82,12,1ª,6.7,40.1
82,12,2ª,6.1,60.5
82,12,3ª,8.9,96.7
83,17,1ª,7.4,100.0
83,17,2ª,4.6,100.0
83,17,3ª,8.4,81.5
83,10,1ª,8.8,68.4
83,10,2ª,4.9,75.9
83,10,3ª,5.4,69.2
83,3,1ª,8.9,81.1
83,3,2ª,7.2,76.4
83,3,3ª,2.9,89.1
83,9,1ª,2.7,84.0
83,9,2ª,3.8,100.0
83,9,3ª,8.3,86.6
83,7,1ª,9.0,72.3
83,7,2ª,7.6,88.0
83,7,3ª,7.0,100.0
83,18,1ª,8.0,89.3
83,18,2ª,3.2,70.6
83,18,3ª,6.3,86.4
84,9,1ª,4.2,100.0
84,9,2ª,9.5,94.0
84,9,3ª,6.6,81.8
84,5,1ª,4.6,86.2
84,5,2ª,7.0,66.4
84,5,3ª,7.2,82.7
84,21,1ª,2.7,72.1
84,21,2ª,5.7,100.0
84,21,3ª,7.6,65.0
84,10,1ª,7.5,61.8
84,10,2ª,8.7,77.9
84,10,3ª,6.3,100.0
84,20,1ª,3.9,64.0
84,20,2ª,5.3,100.0
84,20,3ª,3.5,42.5
84,18,1ª,5.6,93.3
84,18,2ª,8.9,78.1
84,18,3ª,5.7,100.0
85,3,1ª,2.8,79.2
85,3,2ª,6.9,91.7
85,3,3ª,5.5,85.5
85,17,1ª,1.5,75.1
85,17,2ª,7.4,70.3
85,17,3ª,6.6,91.7
85,21,1ª,5.8,87.6
85,21,2ª,4.6,81.9
85,21,3ª,7.7,87.4
85,6,1ª,5.3,88.4
85,6,2ª,7.9,54.3
85,6,3ª,8.8,80.0
85,19,1ª,7.4,100.0
85,19,2ª,3.8,74.4
85,19,3ª,5.9,73.2
85,23,1ª,10.0,72.1
85,23,2ª,5.4,88.1
85,23,3ª,4.1,79.1
86,5,1ª,7.1,80.0
86,5,2ª,6.3,77.1
86,5,3ª,3.5,89.8
86,6,1ª,10.0,85.3
86,6,2ª,7.0,95.4
86,6,3ª,4.0,100.0
86,22,1ª,6.9,100.0
86,22,2ª,5.0,100.0
86,22,3ª,8.1,93.3
86,20,1ª,7.0,81.3
86,20,2ª,8.9,87.1
86,20,3ª,2.6,68.2
86,23,1ª,6.1,89.6
86,23,2ª,6.4,100.0
86,23,3ª,2.6,87.2
86,11,1ª,2.9,96.4
86,11,2ª,6.3,91.3
86,11,3ª,4.8,100.0
87,19,1ª,8.6,93.8
87,19,2ª,6.2,93.7
87,19,3ª,5.1,97.8
87,2,1ª,9.8,100.0
87,2,2ª,5.0,90.4
87,2,3ª,3.9,93.6
87,1,1ª,7.4,57.0
87,1,2ª,4.2,80.8
87,1,3ª,5.9,66.9
87,3,1ª,7.3,88.8
87,3,2ª,6.1,73.7
87,3,3ª,8.6,100.0
87,24,1ª,5.5,75.8
87,24,2ª,7.5,79.6
87,24,3ª,6.2,96.1
87,25,1ª,2.7,100.0
87,25,2ª,6.6,78.8
87,25,3ª,6.3,84.4
88,9,1ª,3.0,100.0
88,9,2ª,6.6,91.6
88,9,3ª,8.4,69.7
88,21,1ª,7.4,81.0
88,21,2ª,8.2,53.1
88,21,3ª,6.3,76.0
88,7,1ª,7.4,92.1
88,7,2ª,5.1,74.3
88,7,3ª,6.3,71.6
88,19,1ª,8.2,79.5
88,19,2ª,0.7,79.4
88,19,3ª,4.4,60.5
88,14,1ª,4.0,86.6
88,14,2ª,9.2,89.7
88,14,3ª,5.3,91.8
88,20,1ª,5.6,74.6
88,20,2ª,4.2,58.7
88,20,3ª,5.7,87.4
89,21,1ª,6.3,78.8
89,21,2ª,4.6,94.1
89,21,3ª,3.9,96.6
89,1,1ª,4.5,73.7
89,1,2ª,3.6,77.5
89,1,3ª,8.5,92.7
89,16,1ª,8.5,92.8
89,16,2ª,4.3,80.0
89,16,3ª,4.9,100.0
89,25,1ª,4.1,98.4
89,25,2ª,8.3,100.0
89,25,3ª,5.7,95.7
89,18,1ª,10.0,75.7
89,18,2ª,3.4,56.8
89,18,3ª,7.9,56.8
89,10,1ª,5.8,91.6
89,10,2ª,6.9,91.4
89,10,3ª,6.9,100.0
90,21,1ª,4.6,74.8
90,21,2ª,5.0,97.5
90,21,3ª,8.3,91.8
90,10,1ª,8.9,67.3
90,10,2ª,9.8,100.0
90,10,3ª,8.0,100.0
90,16,1ª,3.2,77.1
90,16,2ª,5.0,95.8
90,16,3ª,4.4,96.4
90,8,1ª,9.2,95.4
90,8,2ª,7.1,70.2
90,8,3ª,4.8,100.0
90,13,1ª,8.1,84.4
90,13,2ª,5.7,54.6
90,13,3ª,4.4,100.0
90,24,1ª,3.9,87.8
90,24,2ª,8.5,66.2
90,24,3ª,6.9,99.1
91,15,1ª,6.5,100.0
91,15,2ª,3.2,100.0
91,15,3ª,6.2,96.6
91,3,1ª,7.4,74.0
91,3,2ª,7.0,57.1
91,3,3ª,7.7,89.5
91,23,1ª,7.8,100.0
91,23,2ª,7.2,87.2
91,23,3ª,4.7,74.3
91,2,1ª,8.9,100.0
91,2,2ª,6.0,85.7
91,2,3ª,4.7,100.0
91,6,1ª,7.8,100.0
91,6,2ª,4.7,79.3
91,6,3ª,7.0,94.7
91,25,1ª,6.1,71.9
91,25,2ª,8.3,95.8
91,25,3ª,4.7,100.0
92,14,1ª,8.8,87.0
92,14,2ª,6.7,93.3
92,14,3ª,4.8,85.5
92,16,1ª,2.2,98.1
92,16,2ª,3.4,100.0
92,16,3ª,5.8,81.8
92,15,1ª,5.2,80.7
92,15,2ª,9.3,47.7
92,15,3ª,9.1,90.1
92,7,1ª,4.1,68.9
92,7,2ª,9.9,70.8
92,7,3ª,4.2,100.0
92,11,1ª,7.2,70.9
92,11,2ª,6.9,69.6
92,11,3ª,8.7,100.0
92,20,1ª,7.6,90.4
92,20,2ª,10.0,85.0
92,20,3ª,4.1,91.7
93,5,1ª,10.0,69.8
93,5,2ª,5.8,91.2
93,5,3ª,6.4,70.3
93,11,1ª,8.7,100.0
93,11,2ª,6.9,71.4
93,11,3ª,3.4,88.9
93,23,1ª,8.7,92.1
93,23,2ª,6.5,76.2
93,23,3ª,4.3,97.5
93,24,1ª,8.3,61.8
93,24,2ª,9.7,93.6
93,24,3ª,9.3,64.9
93,12,1ª,3.8,82.8
93,12,2ª,7.5,100.0
93,12,3ª,7.9,81.4
93,13,1ª,4.4,100.0
93,13,2ª,4.6,100.0
93,13,3ª,5.9,100.0
94,5,1ª,7.9,82.9
94,5,2ª,5.5,79.9
94,5,3ª,7.4,86.2
94,12,1ª,5.3,82.5
94,12,2ª,6.7,53.1
94,12,3ª,7.4,70.3
94,17,1ª,4.2,59.7
94,17,2ª,2.9,64.7
94,17,3ª,5.1,100.0
94,18,1ª,5.4,87.7
94,18,2ª,7.3,87.0
94,18,3ª,6.3,67.1
94,4,1ª,9.4,100.0
94,4,2ª,3.1,69.6
94,4,3ª,5.9,70.5
94,11,1ª,7.5,74.1
94,11,2ª,10.0,100.0
94,11,3ª,6.9,100.0
95,8,1ª,8.7,76.5
95,8,2ª,4.9,86.2
95,8,3ª,8.2,87.1
95,15,1ª,3.3,73.0
95,15,2ª,6.4,83.9
95,15,3ª,10.0,64.2
95,4,1ª,7.5,100.0
95,4,2ª,10.0,78.9
95,4,3ª,7.5,93.5
95,9,1ª,6.9,83.5
95,9,2ª,7.4,47.0
95,9,3ª,7.9,86.9
95,24,1ª,6.1,100.0
95,24,2ª,5.2,79.0
95,24,3ª,10.0,72.5
95,25,1ª,5.4,82.8
95,25,2ª,8.2,88.1
95,25,3ª,3.9,77.0
96,5,1ª,5.3,83.8
96,5,2ª,7.4,91.3
96,5,3ª,2.9,100.0
96,4,1ª,7.0,100.0
96,4,2ª,7.4,100.0
96,4,3ª,7.4,100.0
96,2,1ª,7.5,83.5
96,2,2ª,10.0,98.3
96,2,3ª,7.6,65.9
96,10,1ª,3.9,89.4
96,10,2ª,6.8,75.8
96,10,3ª,6.8,100.0
96,13,1ª,7.9,67.9
96,13,2ª,6.3,72.9
96,13,3ª,5.7,78.8
96,20,1ª,5.5,66.2
96,20,2ª,6.2,76.6
96,20,3ª,0.6,100.0
97,14,1ª,8.7,79.4
97,14,2ª,6.5,67.4
97,14,3ª,9.9,100.0
97,8,1ª,6.8,100.0
97,8,2ª,6.9,64.9
97,8,3ª,5.7,87.0
97,6,1ª,5.6,81.7
97,6,2ª,6.3,83.8
97,6,3ª,6.6,69.1
97,11,1ª,5.1,65.7
97,11,2ª,8.5,53.4
97,11,3ª,8.8,100.0
97,19,1ª,5.9,46.0
97,19,2ª,5.8,84.0
97,19,3ª,4.5,77.3
97,22,1ª,9.6,95.0
97,22,2ª,4.7,61.0
97,22,3ª,5.8,81.8
98,7,1ª,7.5,77.0
98,7,2ª,7.5,100.0
98,7,3ª,8.1,84.3
98,6,1ª,6.1,79.6
98,6,2ª,8.9,75.6
98,6,3ª,6.6,85.8
98,16,1ª,5.5,64.4
98,16,2ª,7.1,84.1
98,16,3ª,7.5,77.0
98,17,1ª,8.9,71.8
98,17,2ª,9.9,58.8
98,17,3ª,7.4,92.1
98,15,1ª,4.9,91.4
98,15,2ª,9.1,51.7
98,15,3ª,7.5,47.6
98,23,1ª,4.6,100.0
98,23,2ª,5.3,67.4
98,23,3ª,6.1,100.0
99,10,1ª,2.8,69.2
99,10,2ª,9.5,100.0
99,10,3ª,6.3,66.4
99,16,1ª,10.0,100.0
99,16,2ª,7.9,72.8
99,16,3ª,6.4,82.6
99,1,1ª,7.2,100.0
99,1,2ª,8.3,68.8
99,1,3ª,9.3,89.7
99,3,1ª,7.9,100.0
99,3,2ª,4.3,84.5
99,3,3ª,5.4,61.5
99,13,1ª,7.2,100.0
99,13,2ª,2.8,84.5
99,13,3ª,7.8,86.8
99,17,1ª,6.3,65.5
99,17,2ª,7.0,73.6
99,17,3ª,2.1,100.0
100,15,1ª,8.4,85.8
100,15,2ª,7.0,100.0
100,15,3ª,6.9,98.6
100,8,1ª,5.9,100.0
100,8,2ª,7.1,87.9
100,8,3ª,4.0,89.3
100,7,1ª,4.8,75.4
100,7,2ª,4.9,69.0
100,7,3ª,10.0,100.0
100,19,1ª,10.0,66.7
100,19,2ª,6.6,65.6
100,19,3ª,5.1,71.2
100,12,1ª,9.0,79.1
100,12,2ª,8.6,94.1
100,12,3ª,10.0,62.8
100,2,1ª,9.0,100.0
100,2,2ª,4.6,100.0
100,2,3ª,7.2,81.6
101,2,1ª,4.9,74.2
101,2,2ª,10.0,85.0
101,2,3ª,8.1,73.1
101,10,1ª,4.9,100.0
101,10,2ª,3.8,78.8
101,10,3ª,6.6,86.7
101,16,1ª,6.1,90.9
101,16,2ª,7.9,96.0
101,16,3ª,4.5,80.7
101,20,1ª,8.9,98.4
101,20,2ª,3.8,90.3
101,20,3ª,2.5,85.7
101,21,1ª,10.0,70.8
101,21,2ª,4.8,96.5
101,21,3ª,3.4,75.5
101,23,1ª,7.7,75.5
101,23,2ª,6.0,96.2
101,23,3ª,7.3,89.0
102,10,1ª,5.8,90.6
102,10,2ª,6.3,91.9
102,10,3ª,5.5,82.3
102,18,1ª,4.5,84.5
102,18,2ª,4.9,68.3
102,18,3ª,7.0,88.2
102,1,1ª,8.1,78.5
102,1,2ª,7.3,93.3
102,1,3ª,7.4,72.6
102,4,1ª,6.8,90.5
102,4,2ª,6.5,53.7
102,4,3ª,6.8,100.0
102,14,1ª,5.8,74.1
102,14,2ª,7.2,89.7
102,14,3ª,8.9,66.1
102,5,1ª,8.0,93.9
102,5,2ª,6.2,90.1
102,5,3ª,8.6,98.1
103,9,1ª,4.2,97.3
103,9,2ª,6.4,86.1
103,9,3ª,6.6,82.7
103,24,1ª,8.9,83.7
103,24,2ª,4.3,79.1
103,24,3ª,6.9,100.0
103,12,1ª,7.7,72.2
103,12,2ª,10.0,89.0
103,12,3ª,9.1,82.7
103,13,1ª,7.6,97.6
103,13,2ª,8.9,100.0
103,13,3ª,8.2,80.3
103,23,1ª,5.4,90.0
103,23,2ª,8.4,81.7
103,23,3ª,8.6,100.0
103,2,1ª,4.7,72.4
103,2,2ª,6.2,89.6
103,2,3ª,5.5,100.0
104,13,1ª,7.3,85.6
104,13,2ª,3.6,65.3
104,13,3ª,7.1,53.0
104,2,1ª,8.5,82.6
104,2,2ª,10.0,100.0
104,2,3ª,6.1,83.4
104,19,1ª,8.5,100.0
104,19,2ª,3.2,58.2
104,19,3ª,5.3,93.7
104,18,1ª,7.5,100.0
104,18,2ª,4.1,50.3
104,18,3ª,8.2,72.6
104,7,1ª,2.5,87.2
104,7,2ª,8.1,83.2
104,7,3ª,5.6,82.6
104,12,1ª,5.8,64.8
104,12,2ª,5.1,92.8
104,12,3ª,7.1,87.5
105,18,1ª,4.5,82.3
105,18,2ª,2.1,87.7
105,18,3ª,9.4,62.9
105,10,1ª,5.3,89.9
105,10,2ª,9.0,78.3
105,10,3ª,5.1,55.5
105,3,1ª,6.7,100.0
105,3,2ª,7.1,84.7
105,3,3ª,7.1,84.8
105,13,1ª,4.9,97.3
105,13,2ª,7.0,85.3
105,13,3ª,4.5,100.0
105,17,1ª,7.8,76.7
105,17,2ª,8.5,77.5
105,17,3ª,4.9,73.6
105,15,1ª,3.0,92.1
105,15,2ª,2.8,66.6
105,15,3ª,2.3,83.7
106,25,1ª,6.2,80.1
106,25,2ª,4.4,67.4
106,25,3ª,7.4,76.7
106,18,1ª,7.1,71.7
106,18,2ª,6.9,100.0
106,18,3ª,7.7,78.8
106,9,1ª,7.0,81.4
106,9,2ª,6.5,80.1
106,9,3ª,6.2,88.2
106,20,1ª,4.5,69.8
106,20,2ª,3.7,61.0
106,20,3ª,4.1,87.4
106,22,1ª,4.7,92.7
106,22,2ª,6.6,55.5
106,22,3ª,7.8,97.2
106,4,1ª,4.5,91.3
106,4,2ª,4.8,86.5
106,4,3ª,4.0,58.1
107,5,1ª,5.7,83.1
107,5,2ª,5.7,67.2
107,5,3ª,5.7,89.0
107,4,1ª,6.4,87.7
107,4,2ª,5.2,100.0
107,4,3ª,4.1,92.3
107,13,1ª,8.9,92.2
107,13,2ª,6.1,77.1
107,13,3ª,8.6,63.7
107,12,1ª,4.6,79.0
107,12,2ª,9.0,90.7
107,12,3ª,4.6,80.3
107,11,1ª,5.3,74.4
107,11,2ª,8.5,64.4
107,11,3ª,9.7,97.4
107,18,1ª,8.7,78.1
107,18,2ª,6.2,63.5
107,18,3ª,5.5,92.4
108,12,1ª,9.1,68.4
108,12,2ª,5.8,82.7
108,12,3ª,3.7,93.9
108,5,1ª,5.1,82.1
108,5,2ª,5.6,73.2
108,5,3ª,6.5,81.8
108,7,1ª,5.8,74.1
108,7,2ª,7.1,100.0
108,7,3ª,6.8,99.9
108,20,1ª,3.7,87.4
108,20,2ª,4.3,62.8
108,20,3ª,5.0,100.0
108,17,1ª,8.4,88.6
108,17,2ª,3.4,82.1
108,17,3ª,7.1,87.6
108,13,1ª,2.8,71.6
108,13,2ª,6.4,93.0
108,13,3ª,2.1,82.6
109,17,1ª,6.8,97.7
109,17,2ª,7.9,93.7
109,17,3ª,4.9,56.4
109,2,1ª,5.7,100.0
109,2,2ª,9.3,95.7
109,2,3ª,7.4,90.7
109,24,1ª,5.4,83.0
109,24,2ª,9.8,70.9
109,24,3ª,9.7,80.2
109,23,1ª,9.2,63.9
109,23,2ª,7.7,73.9
109,23,3ª,3.7,88.3
109,5,1ª,8.5,72.3
109,5,2ª,3.5,83.6
109,5,3ª,6.3,93.2
109,11,1ª,8.4,84.1
109,11,2ª,10.0,88.4
109,11,3ª,5.8,60.8
110,16,1ª,6.0,80.0
110,16,2ª,8.4,91.9
110,16,3ª,4.1,87.6
110,17,1ª,7.8,100.0
110,17,2ª,8.3,96.4
110,17,3ª,6.6,90.8
110,15,1ª,9.0,65.0
110,15,2ª,5.8,73.4
110,15,3ª,7.3,100.0
110,5,1ª,5.3,49.1
110,5,2ª,5.7,98.7
110,5,3ª,7.6,91.4
110,20,1ª,5.9,65.8
110,20,2ª,7.5,72.5
110,20,3ª,10.0,93.6
110,24,1ª,5.3,75.8
110,24,2ª,6.3,81.4
110,24,3ª,8.7,87.8
111,5,1ª,5.0,100.0
111,5,2ª,6.6,96.5
111,5,3ª,5.3,90.4
111,11,1ª,7.1,56.7
111,11,2ª,10.0,100.0
111,11,3ª,5.7,68.5
111,20,1ª,7.2,86.3
111,20,2ª,7.2,87.9
111,20,3ª,7.5,100.0
111,24,1ª,7.6,69.3
111,24,2ª,9.2,100.0
111,24,3ª,10.0,68.1
111,6,1ª,7.0,53.8
111,6,2ª,7.6,76.8
111,6,3ª,10.0,73.4
111,13,1ª,3.1,77.9
111,13,2ª,2.5,96.3
111,13,3ª,2.4,85.4
112,20,1ª,2.3,80.2
112,20,2ª,9.8,90.4
112,20,3ª,4.8,84.5
112,24,1ª,6.5,92.1
112,24,2ª,3.8,93.9
112,24,3ª,1.1,75.6
112,10,1ª,5.5,94.5
112,10,2ª,6.5,63.9
112,10,3ª,4.5,88.0
112,19,1ª,6.3,76.3
112,19,2ª,5.5,95.4
112,19,3ª,5.5,83.7
112,11,1ª,10.0,63.6
112,11,2ª,2.8,96.8
112,11,3ª,5.1,80.2
112,17,1ª,4.9,81.1
112,17,2ª,9.7,97.0
112,17,3ª,8.2,63.8
113,17,1ª,4.2,42.4
113,17,2ª,4.9,99.4
113,17,3ª,7.5,81.7
113,18,1ª,6.5,74.7
113,18,2ª,6.9,96.5
113,18,3ª,3.3,89.5
113,16,1ª,8.4,78.8
113,16,2ª,7.9,100.0
113,16,3ª,6.3,90.9
113,19,1ª,5.0,87.7
113,19,2ª,7.4,87.9
113,19,3ª,4.5,88.1
113,10,1ª,9.4,91.7
113,10,2ª,8.4,81.4
113,10,3ª,8.0,89.2
113,23,1ª,4.6,89.8
113,23,2ª,4.5,75.5
113,23,3ª,6.9,89.5
114,1,1ª,4.1,100.0
114,1,2ª,7.6,74.4
114,1,3ª,3.4,82.8
114,12,1ª,5.6,86.7
114,12,2ª,5.8,54.9
114,12,3ª,5.7,80.4
114,11,1ª,7.8,74.5
114,11,2ª,9.9,56.3
114,11,3ª,9.1,81.6
114,22,1ª,8.2,86.2
114,22,2ª,8.8,79.2
114,22,3ª,4.3,100.0
114,4,1ª,6.3,88.3
114,4,2ª,9.0,69.5
114,4,3ª,7.7,76.2
114,14,1ª,6.2,86.1
114,14,2ª,3.5,73.3
114,14,3ª,9.2,98.3
115,19,1ª,6.4,88.6
115,19,2ª,5.9,100.0
115,19,3ª,6.1,88.5
115,10,1ª,8.8,73.3
115,10,2ª,9.6,62.0
115,10,3ª,9.8,79.4
115,23,1ª,6.0,56.6
115,23,2ª,5.6,69.4
115,23,3ª,5.3,82.9
115,21,1ª,8.4,88.1
115,21,2ª,7.1,68.6
115,21,3ª,4.7,100.0
115,1,1ª,5.0,100.0
115,1,2ª,6.0,85.0
115,1,3ª,8.6,100.0
115,20,1ª,6.3,79.2
115,20,2ª,6.4,90.1
115,20,3ª,8.3,85.1
116,16,1ª,7.7,100.0
116,16,2ª,7.3,89.7
116,16,3ª,3.5,45.5
116,9,1ª,7.3,83.6
116,9,2ª,5.5,88.7
116,9,3ª,6.4,100.0
116,21,1ª,6.7,73.8
116,21,2ª,8.5,81.7
116,21,3ª,7.6,77.8
116,19,1ª,5.2,86.3
116,19,2ª,6.5,92.2
116,19,3ª,6.0,57.5
116,22,1ª,5.6,96.9
116,22,2ª,5.9,81.3
116,22,3ª,8.5,74.3
116,8,1ª,3.4,82.6
116,8,2ª,5.5,70.5
116,8,3ª,6.1,92.4
117,24,1ª,6.5,89.6
117,24,2ª,10.0,79.9
117,24,3ª,7.1,77.4
117,2,1ª,4.8,76.2
117,2,2ª,5.5,90.4
117,2,3ª,10.0,74.3
117,19,1ª,5.7,84.1
117,19,2ª,7.3,89.0
117,19,3ª,9.1,48.6
117,16,1ª,1.7,77.6
117,16,2ª,8.7,61.5
117,16,3ª,0.5,93.6
117,6,1ª,7.0,68.6
117,6,2ª,4.5,70.5
117,6,3ª,6.7,75.6
117,17,1ª,7.5,42.2
117,17,2ª,4.8,68.1
117,17,3ª,6.0,76.9
118,21,1ª,8.1,57.1
118,21,2ª,6.6,93.4
118,21,3ª,10.0,77.8
118,24,1ª,7.1,57.9
118,24,2ª,1.7,97.7
118,24,3ª,6.5,100.0
118,20,1ª,3.8,92.8
118,20,2ª,10.0,91.3
118,20,3ª,7.1,85.1
118,13,1ª,3.4,100.0
118,13,2ª,5.3,92.6
118,13,3ª,3.4,67.3
118,5,1ª,9.4,79.8
118,5,2ª,9.4,83.8
118,5,3ª,2.8,98.4
118,8,1ª,5.3,95.5
118,8,2ª,6.6,61.9
118,8,3ª,6.8,100.0
119,2,1ª,7.5,84.1
119,2,2ª,8.7,88.2
119,2,3ª,6.9,68.6
119,19,1ª,7.0,100.0
119,19,2ª,4.8,100.0
119,19,3ª,6.3,71.7
119,23,1ª,8.5,80.7
119,23,2ª,8.0,80.6
119,23,3ª,6.4,92.4
119,4,1ª,7.1,55.1
119,4,2ª,4.3,98.9
119,4,3ª,6.2,77.1
119,7,1ª,3.8,68.8
119,7,2ª,2.5,83.5
119,7,3ª,5.3,70.5
119,1,1ª,6.4,90.5
119,1,2ª,10.0,62.3
119,1,3ª,8.8,99.6
120,15,1ª,4.9,88.0
120,15,2ª,5.6,87.8
120,15,3ª,9.5,94.1
120,11,1ª,7.5,78.5
120,11,2ª,3.5,81.9
120,11,3ª,8.9,62.1
120,14,1ª,4.4,86.9
120,14,2ª,4.5,73.1
120,14,3ª,5.7,64.5
120,5,1ª,4.6,95.6
120,5,2ª,3.9,61.0
120,5,3ª,5.2,96.0
120,23,1ª,6.1,78.0
120,23,2ª,6.6,58.8
120,23,3ª,7.5,90.8
120,7,1ª,5.7,100.0
120,7,2ª,4.2,100.0
120,7,3ª,6.8,80.0
121,14,1ª,6.5,83.4
121,14,2ª,8.9,68.8
121,14,3ª,5.0,100.0
121,17,1ª,5.3,98.5
121,17,2ª,9.9,79.0
121,17,3ª,7.9,67.7
121,20,1ª,8.0,88.0
121,20,2ª,7.4,75.3
121,20,3ª,3.2,92.5
121,16,1ª,2.4,80.2
121,16,2ª,8.4,87.9
121,16,3ª,10.0,100.0
121,2,1ª,5.2,85.4
121,2,2ª,6.4,61.3
121,2,3ª,4.6,76.6
121,5,1ª,2.4,85.7
121,5,2ª,6.0,59.9
121,5,3ª,7.3,95.7
122,17,1ª,7.0,80.1
122,17,2ª,7.7,95.2
122,17,3ª,7.1,72.6
122,7,1ª,7.1,100.0
122,7,2ª,5.3,100.0
122,7,3ª,5.4,85.5
122,18,1ª,5.2,88.3
122,18,2ª,3.0,76.8
122,18,3ª,4.3,87.0
122,11,1ª,8.5,94.7
122,11,2ª,1.8,100.0
122,11,3ª,7.1,73.4
122,16,1ª,6.8,87.6
122,16,2ª,5.2,88.0
122,16,3ª,5.3,78.9
122,25,1ª,5.1,63.5
122,25,2ª,6.8,93.8
122,25,3ª,7.5,97.3
123,13,1ª,7.1,77.0
123,13,2ª,8.2,64.6
123,13,3ª,4.7,70.5
123,11,1ª,8.7,99.1
123,11,2ª,7.5,100.0
123,11,3ª,4.7,90.2
123,6,1ª,6.2,97.7
123,6,2ª,6.3,79.2
123,6,3ª,7.6,98.1
123,15,1ª,5.2,84.1
123,15,2ª,4.4,47.5
123,15,3ª,6.9,94.1
123,18,1ª,7.0,55.8
123,18,2ª,5.8,51.7
123,18,3ª,9.2,68.7
123,24,1ª,9.0,99.2
123,24,2ª,4.7,68.0
123,24,3ª,7.2,72.3
124,18,1ª,6.7,77.8
124,18,2ª,2.9,51.5
124,18,3ª,7.0,76.6
124,12,1ª,5.4,95.4
124,12,2ª,8.8,80.9
124,12,3ª,5.8,92.5
124,22,1ª,3.8,88.3
124,22,2ª,7.6,95.2
124,22,3ª,2.6,73.6
124,23,1ª,4.7,86.5
124,23,2ª,7.5,100.0
124,23,3ª,5.5,77.5
124,21,1ª,8.8,89.4
124,21,2ª,9.0,89.3
124,21,3ª,4.2,65.0
124,9,1ª,3.4,94.9
124,9,2ª,8.9,100.0
124,9,3ª,8.2,100.0
125,20,1ª,5.3,67.7
125,20,2ª,8.2,91.3
125,20,3ª,6.7,90.8
125,16,1ª,7.1,100.0
125,16,2ª,9.1,93.2
125,16,3ª,8.2,92.7
125,7,1ª,5.6,96.3
125,7,2ª,3.7,100.0
125,7,3ª,4.1,89.3
125,8,1ª,4.8,93.3
125,8,2ª,6.4,61.1
125,8,3ª,7.3,76.3
125,9,1ª,8.3,85.0
125,9,2ª,7.3,70.6
125,9,3ª,5.3,78.1
125,18,1ª,8.2,100.0
125,18,2ª,4.9,100.0
125,18,3ª,2.2,67.1
126,10,1ª,4.6,64.7
126,10,2ª,3.3,91.2
126,10,3ª,6.1,90.7
126,8,1ª,7.9,89.0
126,8,2ª,7.8,84.0
126,8,3ª,4.1,100.0
126,25,1ª,5.3,71.0
126,25,2ª,6.1,71.3
126,25,3ª,5.7,90.2
126,23,1ª,7.2,71.5
126,23,2ª,5.5,100.0
126,23,3ª,7.5,100.0
126,7,1ª,8.9,100.0
126,7,2ª,3.7,96.5
126,7,3ª,6.4,76.7
126,16,1ª,6.8,99.2
126,16,2ª,7.5,71.8
126,16,3ª,8.0,75.4
127,11,1ª,6.9,80.4
127,11,2ª,6.1,96.5
127,11,3ª,4.4,100.0
127,16,1ª,2.9,76.0
127,16,2ª,7.2,93.8
127,16,3ª,6.3,84.1
127,12,1ª,7.3,81.5
127,12,2ª,9.3,97.6
127,12,3ª,8.2,70.5
127,18,1ª,6.3,80.5
127,18,2ª,4.5,90.4
127,18,3ª,5.4,94.8
127,9,1ª,4.4,100.0
127,9,2ª,4.7,88.3
127,9,3ª,8.1,76.4
127,10,1ª,8.2,66.6
127,10,2ª,9.4,85.2
127,10,3ª,5.3,80.5
128,4,1ª,8.1,76.2
128,4,2ª,5.0,81.7
128,4,3ª,4.1,100.0
128,19,1ª,5.4,97.5
128,19,2ª,6.9,70.2
128,19,3ª,6.5,96.8
128,22,1ª,6.1,100.0
128,22,2ª,8.5,98.8
128,22,3ª,5.6,68.8
128,18,1ª,5.3,87.9
128,18,2ª,7.6,52.4
128,18,3ª,6.5,87.4
128,13,1ª,5.9,100.0
128,13,2ª,7.3,100.0
128,13,3ª,6.1,99.1
128,21,1ª,9.8,100.0
128,21,2ª,4.3,81.2
128,21,3ª,5.8,92.3
129,12,1ª,7.9,72.4
129,12,2ª,6.6,54.7
129,12,3ª,9.4,77.3
129,5,1ª,6.6,80.4
129,5,2ª,8.8,42.4
129,5,3ª,6.5,83.4
129,10,1ª,5.6,100.0
129,10,2ª,4.7,96.6
129,10,3ª,7.2,100.0
129,2,1ª,5.2,74.0
129,2,2ª,8.7,91.4
129,2,3ª,3.4,76.9
129,23,1ª,7.3,97.6
129,23,2ª,5.1,41.3
129,23,3ª,7.5,66.7
129,3,1ª,2.5,42.5
129,3,2ª,8.1,86.9
129,3,3ª,6.0,100.0
130,12,1ª,7.8,100.0
130,12,2ª,3.7,84.5
130,12,3ª,3.3,81.6
130,15,1ª,6.0,94.4
130,15,2ª,6.6,94.4
130,15,3ª,7.9,100.0
130,21,1ª,5.9,70.9
130,21,2ª,7.0,73.0
130,21,3ª,9.5,80.8
130,9,1ª,5.4,77.9
130,9,2ª,7.9,82.6
130,9,3ª,5.2,100.0
130,16,1ª,4.8,85.5
130,16,2ª,7.8,60.5
130,16,3ª,7.5,69.2
130,7,1ª,8.1,70.6
130,7,2ª,7.9,100.0
130,7,3ª,8.2,88.8
131,7,1ª,6.0,76.4
131,7,2ª,9.4,74.5
131,7,3ª,4.4,95.0
131,18,1ª,4.9,70.7
131,18,2ª,3.6,77.8
131,18,3ª,6.3,88.6
131,9,1ª,8.4,92.9
131,9,2ª,6.1,82.0
131,9,3ª,7.5,100.0
131,24,1ª,6.8,78.0
131,24,2ª,4.5,63.3
131,24,3ª,7.8,93.7
131,23,1ª,7.7,83.1
131,23,2ª,9.3,77.7
131,23,3ª,8.4,84.4
131,5,1ª,5.3,93.9
131,5,2ª,7.3,90.4
131,5,3ª,6.7,84.4
132,4,1ª,10.0,100.0
132,4,2ª,7.9,86.7
132,4,3ª,8.5,92.8
132,20,1ª,6.6,80.4
132,20,2ª,6.3,37.4
132,20,3ª,6.9,77.7
132,19,1ª,9.7,85.3
132,19,2ª,4.1,84.3
132,19,3ª,4.4,92.1
132,8,1ª,7.1,99.4
132,8,2ª,4.9,85.5
132,8,3ª,3.8,95.5
132,22,1ª,7.5,92.4
132,22,2ª,6.5,91.2
132,22,3ª,9.7,80.7
132,2,1ª,6.8,68.7
132,2,2ª,4.8,86.5
132,2,3ª,8.7,81.2
133,22,1ª,6.0,78.9
133,22,2ª,5.4,89.4
133,22,3ª,3.5,100.0
133,17,1ª,5.2,95.8
133,17,2ª,4.0,95.0
133,17,3ª,7.8,90.8
133,8,1ª,4.5,88.7
133,8,2ª,4.1,81.2
133,8,3ª,8.6,97.0
133,21,1ª,6.5,70.4
133,21,2ª,7.8,85.3
133,21,3ª,1.9,96.7
133,23,1ª,6.5,100.0
133,23,2ª,4.3,37.3
133,23,3ª,7.1,89.4
133,2,1ª,3.1,70.3
133,2,2ª,10.0,80.4
133,2,3ª,8.0,75.2
134,4,1ª,2.3,82.4
134,4,2ª,6.0,79.0
134,4,3ª,6.3,89.0
134,14,1ª,6.2,66.0
134,14,2ª,7.5,55.8
134,14,3ª,2.4,96.1
134,11,1ª,7.5,84.1
134,11,2ª,3.7,74.4
134,11,3ª,6.0,61.1
134,16,1ª,5.0,94.8
134,16,2ª,9.4,78.7
134,16,3ª,8.0,56.3
134,25,1ª,7.8,72.9
134,25,2ª,7.1,81.3
134,25,3ª,9.1,71.9
134,5,1ª,7.8,80.8
134,5,2ª,6.2,82.2
134,5,3ª,4.8,84.8
135,1,1ª,6.4,88.6
135,1,2ª,6.7,97.0
135,1,3ª,8.3,69.2
135,18,1ª,8.2,67.2
135,18,2ª,7.7,94.3
135,18,3ª,2.7,86.4
135,6,1ª,5.6,73.6
135,6,2ª,9.2,75.2
135,6,3ª,4.9,86.1
135,14,1ª,7.9,82.9
135,14,2ª,8.8,93.0
135,14,3ª,2.1,77.1
135,21,1ª,5.4,92.2
135,21,2ª,1.3,100.0
135,21,3ª,7.6,87.2
135,16,1ª,8.9,100.0
135,16,2ª,8.2,99.2
135,16,3ª,6.8,82.9
136,16,1ª,5.5,72.6
136,16,2ª,5.1,64.7
136,16,3ª,6.3,59.7
136,21,1ª,6.9,84.5
136,21,2ª,6.8,77.2
136,21,3ª,10.0,100.0
136,7,1ª,4.0,88.5
136,7,2ª,5.3,69.8
136,7,3ª,3.8,91.5
136,10,1ª,5.1,99.5
136,10,2ª,8.5,100.0
136,10,3ª,4.8,92.1
136,11,1ª,7.8,77.9
136,11,2ª,5.0,100.0
136,11,3ª,7.0,94.5
136,22,1ª,4.9,66.7
136,22,2ª,5.4,83.1
136,22,3ª,4.4,84.9
137,21,1ª,3.1,68.2
137,21,2ª,7.8,94.1
137,21,3ª,5.7,69.7
137,2,1ª,4.4,79.4
137,2,2ª,7.8,98.9
137,2,3ª,5.5,67.7
137,3,1ª,7.0,72.6
137,3,2ª,5.5,100.0
137,3,3ª,8.2,87.4
137,25,1ª,4.0,88.2
137,25,2ª,8.6,79.4
137,25,3ª,9.2,100.0
137,19,1ª,9.8,89.6
137,19,2ª,7.7,100.0
137,19,3ª,7.4,77.5
137,8,1ª,5.6,88.6
137,8,2ª,3.9,82.9
137,8,3ª,8.7,52.1
138,18,1ª,9.6,100.0
138,18,2ª,5.6,93.2
138,18,3ª,6.5,100.0
138,24,1ª,8.5,64.0
138,24,2ª,7.7,81.9
138,24,3ª,6.7,74.1
138,2,1ª,10.0,100.0
138,2,2ª,5.0,65.0
138,2,3ª,5.7,91.5
138,6,1ª,7.0,100.0
138,6,2ª,8.1,99.5
138,6,3ª,7.2,64.2
138,14,1ª,6.1,100.0
138,14,2ª,6.4,92.5
138,14,3ª,5.9,69.6
138,22,1ª,6.3,89.6
138,22,2ª,5.2,81.5
138,22,3ª,4.6,100.0
139,2,1ª,5.9,100.0
139,2,2ª,9.6,83.8
139,2,3ª,4.5,53.7
139,13,1ª,3.6,64.4
139,13,2ª,9.3,86.7
139,13,3ª,7.3,51.7
139,16,1ª,4.1,98.3
139,16,2ª,7.1,82.8
139,16,3ª,7.6,100.0
139,6,1ª,6.1,86.0
139,6,2ª,6.9,100.0
139,6,3ª,2.3,95.2
139,10,1ª,6.3,93.5
139,10,2ª,5.2,84.3
139,10,3ª,7.9,100.0
139,25,1ª,8.1,72.3
139,25,2ª,5.7,78.2
139,25,3ª,2.9,80.0
140,1,1ª,8.0,65.9
140,1,2ª,8.6,92.3
140,1,3ª,5.0,82.9
140,10,1ª,9.7,96.0
140,10,2ª,6.5,81.4
140,10,3ª,6.7,77.3
140,19,1ª,2.3,100.0
140,19,2ª,6.8,91.0
140,19,3ª,6.4,74.0
140,20,1ª,6.1,61.0
140,20,2ª,10.0,66.5
140,20,3ª,4.4,78.4
140,4,1ª,9.1,85.2
140,4,2ª,4.0,100.0
140,4,3ª,8.0,93.1
140,11,1ª,7.9,100.0
140,11,2ª,10.0,74.7
140,11,3ª,9.7,90.7
141,10,1ª,7.5,59.6
141,10,2ª,6.2,72.8
141,10,3ª,8.2,100.0
141,15,1ª,2.4,84.7
141,15,2ª,8.7,82.2
141,15,3ª,8.0,90.3
141,21,1ª,7.2,80.9
141,21,2ª,4.1,68.2
141,21,3ª,7.9,85.3
141,18,1ª,6.2,78.6
141,18,2ª,5.9,100.0
141,18,3ª,5.8,64.9
141,17,1ª,8.0,81.9
141,17,2ª,6.6,100.0
141,17,3ª,6.5,89.3
141,16,1ª,4.1,81.7
141,16,2ª,7.7,61.7
141,16,3ª,6.9,86.5
142,5,1ª,6.6,100.0
142,5,2ª,7.2,100.0
142,5,3ª,4.5,87.0
142,17,1ª,6.7,69.0
142,17,2ª,8.4,100.0
142,17,3ª,6.5,92.6
142,15,1ª,6.7,74.3
142,15,2ª,2.9,74.4
142,15,3ª,3.7,100.0
142,9,1ª,6.3,79.8
142,9,2ª,8.3,68.2
142,9,3ª,5.0,86.0
142,7,1ª,8.6,92.5
142,7,2ª,7.0,86.2
142,7,3ª,7.3,88.0
142,4,1ª,4.4,85.7
142,4,2ª,4.4,86.2
142,4,3ª,5.5,100.0
143,11,1ª,6.4,63.9
143,11,2ª,6.2,92.8
143,11,3ª,9.8,76.2
143,6,1ª,3.3,97.3
143,6,2ª,3.7,78.5
143,6,3ª,6.0,84.0
143,15,1ª,7.9,74.7
143,15,2ª,6.0,84.8
143,15,3ª,6.8,86.5
143,21,1ª,7.4,97.7
143,21,2ª,7.3,91.8
143,21,3ª,3.3,85.8
143,9,1ª,7.5,95.9
143,9,2ª,5.1,75.1
143,9,3ª,5.4,93.0
143,24,1ª,8.6,78.9
143,24,2ª,8.3,86.9
143,24,3ª,6.3,81.8
144,1,1ª,8.0,89.9
144,1,2ª,10.0,72.2
144,1,3ª,7.5,77.1
144,24,1ª,4.8,84.8
144,24,2ª,6.8,100.0
144,24,3ª,6.1,68.0
144,11,1ª,7.0,53.9
144,11,2ª,6.3,85.2
144,11,3ª,8.1,99.6
144,10,1ª,5.5,82.7
144,10,2ª,5.0,68.1
144,10,3ª,7.1,65.9
144,19,1ª,5.7,70.1
144,19,2ª,7.6,100.0
144,19,3ª,3.9,57.2
144,7,1ª,6.3,85.2
144,7,2ª,6.9,78.3
144,7,3ª,6.1,90.5
145,6,1ª,8.6,55.7
145,6,2ª,5.8,88.2
145,6,3ª,4.7,100.0
145,20,1ª,5.2,84.4
145,20,2ª,7.6,76.1
145,20,3ª,2.8,78.6
145,21,1ª,8.6,79.9
145,21,2ª,4.8,98.9
145,21,3ª,5.8,77.3
145,13,1ª,6.8,96.6
145,13,2ª,10.0,97.4
145,13,3ª,8.8,77.4
145,14,1ª,4.4,85.9
145,14,2ª,6.7,68.8
145,14,3ª,6.1,91.0
145,17,1ª,7.2,92.6
145,17,2ª,7.1,77.4
145,17,3ª,5.5,67.0
146,11,1ª,10.0,85.2
146,11,2ª,6.1,71.1
146,11,3ª,10.0,68.9
146,3,1ª,5.6,91.2
146,3,2ª,7.7,99.4
146,3,3ª,10.0,92.6
146,13,1ª,4.4,81.1
146,13,2ª,7.1,100.0
146,13,3ª,3.7,100.0
146,22,1ª,6.9,97.6
146,22,2ª,6.3,72.4
146,22,3ª,8.0,94.8
146,4,1ª,8.4,84.8
146,4,2ª,5.3,61.6
146,4,3ª,8.1,91.4
146,6,1ª,4.6,76.9
146,6,2ª,5.6,62.8
146,6,3ª,4.9,68.0
147,5,1ª,5.7,73.9
147,5,2ª,3.2,100.0
147,5,3ª,9.0,73.3
147,16,1ª,7.0,91.3
147,16,2ª,8.9,72.7
147,16,3ª,8.7,76.8
147,11,1ª,3.8,95.9
147,11,2ª,9.1,100.0
147,11,3ª,4.1,95.5
147,8,1ª,5.7,96.8
147,8,2ª,3.6,66.1
147,8,3ª,4.9,86.2
147,1,1ª,5.2,94.9
147,1,2ª,8.6,94.0
147,1,3ª,9.7,91.2
147,9,1ª,4.1,100.0
147,9,2ª,5.3,98.7
147,9,3ª,9.6,91.9
148,13,1ª,3.5,71.2
148,13,2ª,9.1,82.5
148,13,3ª,6.7,96.4
148,8,1ª,7.9,89.2
148,8,2ª,6.1,80.3
148,8,3ª,8.2,93.3
148,15,1ª,6.0,100.0
148,15,2ª,6.2,72.2
148,15,3ª,5.0,70.3
148,9,1ª,6.0,100.0
148,9,2ª,4.9,87.8
148,9,3ª,5.2,81.1
148,11,1ª,3.5,81.7
148,11,2ª,6.1,93.1
148,11,3ª,6.9,67.0
148,10,1ª,8.7,88.2
148,10,2ª,6.9,84.9
148,10,3ª,5.5,88.3
149,19,1ª,7.5,58.8
149,19,2ª,5.4,81.2
149,19,3ª,7.0,100.0
149,24,1ª,5.0,77.5
149,24,2ª,5.5,73.0
149,24,3ª,5.8,96.6
149,25,1ª,4.4,91.4
149,25,2ª,3.1,76.6
149,25,3ª,5.8,100.0
149,1,1ª,6.0,52.0
149,1,2ª,2.5,85.5
149,1,3ª,7.7,90.6
149,9,1ª,6.8,100.0
149,9,2ª,5.4,98.4
149,9,3ª,3.2,71.4
149,12,1ª,2.9,80.9
149,12,2ª,6.4,86.7
149,12,3ª,6.6,71.1
150,23,1ª,6.1,62.5
150,23,2ª,9.2,80.4
150,23,3ª,5.5,100.0
150,8,1ª,4.0,68.1
150,8,2ª,4.3,84.0
150,8,3ª,7.4,96.1
150,2,1ª,10.0,51.3
150,2,2ª,7.7,76.6
150,2,3ª,5.3,75.7
150,22,1ª,4.7,100.0
150,22,2ª,8.2,85.3
150,22,3ª,9.2,62.3
150,4,1ª,3.8,52.3
150,4,2ª,5.1,87.4
150,4,3ª,6.7,87.2
150,15,1ª,3.7,97.0
150,15,2ª,7.0,96.0
150,15,3ª,2.7,89.7
151,10,1ª,4.1,79.0
151,10,2ª,7.6,86.4
151,10,3ª,4.8,85.1
151,6,1ª,3.4,100.0
151,6,2ª,6.1,100.0
151,6,3ª,5.4,77.1
151,13,1ª,5.0,98.1
151,13,2ª,5.1,94.7
151,13,3ª,5.7,55.4
151,22,1ª,5.4,67.3
151,22,2ª,6.6,67.1
151,22,3ª,8.4,83.6
151,17,1ª,6.1,94.8
151,17,2ª,8.4,84.7
151,17,3ª,5.0,58.4
151,25,1ª,5.1,75.7
151,25,2ª,6.7,79.8
151,25,3ª,7.9,75.8
152,23,1ª,6.4,100.0
152,23,2ª,7.2,84.1
152,23,3ª,5.3,75.5
152,4,1ª,4.8,76.9
152,4,2ª,8.0,81.7
152,4,3ª,3.8,100.0
152,21,1ª,7.1,63.9
152,21,2ª,5.6,86.7
152,21,3ª,9.9,68.4
152,10,1ª,8.5,100.0
152,10,2ª,5.2,80.8
152,10,3ª,4.4,81.9
152,12,1ª,6.4,94.9
152,12,2ª,8.7,73.8
152,12,3ª,2.6,84.7
152,20,1ª,7.1,88.7
152,20,2ª,5.8,86.9
152,20,3ª,9.5,90.7
153,8,1ª,5.8,77.5
153,8,2ª,6.2,100.0
153,8,3ª,6.1,84.7
153,25,1ª,5.5,100.0
153,25,2ª,10.0,91.8
153,25,3ª,6.7,85.6
153,5,1ª,1.7,96.2
153,5,2ª,6.8,91.4
153,5,3ª,5.1,79.2
153,16,1ª,5.7,100.0
153,16,2ª,5.7,100.0
153,16,3ª,7.4,65.9
153,23,1ª,6.2,75.2
153,23,2ª,2.1,100.0
153,23,3ª,7.9,93.0
153,15,1ª,6.8,64.3
153,15,2ª,5.5,97.6
153,15,3ª,4.4,47.0
154,24,1ª,6.0,82.9
154,24,2ª,6.8,95.9
154,24,3ª,7.8,88.9
154,20,1ª,8.9,62.2
154,20,2ª,7.5,94.4
154,20,3ª,4.0,62.5
154,12,1ª,5.0,75.1
154,12,2ª,8.0,75.8
154,12,3ª,4.8,75.8
154,14,1ª,8.7,85.2
154,14,2ª,6.1,83.3
154,14,3ª,9.1,73.8
154,18,1ª,9.1,88.2
154,18,2ª,6.2,100.0
154,18,3ª,4.4,79.7
154,16,1ª,4.0,99.3
154,16,2ª,9.9,100.0
154,16,3ª,8.9,82.0
155,25,1ª,5.8,59.9
155,25,2ª,10.0,92.0
155,25,3ª,5.5,100.0
155,18,1ª,4.6,91.1
155,18,2ª,6.2,94.6
155,18,3ª,6.4,63.2
155,22,1ª,6.7,100.0
155,22,2ª,6.4,96.6
155,22,3ª,4.4,84.6
155,7,1ª,5.3,96.2
155,7,2ª,6.6,95.4
155,7,3ª,8.7,95.4
155,8,1ª,7.0,70.0
155,8,2ª,6.5,77.0
155,8,3ª,5.8,79.4
155,20,1ª,4.5,55.6
155,20,2ª,5.2,87.9
155,20,3ª,3.8,85.2
156,3,1ª,10.0,100.0
156,3,2ª,9.8,90.9
156,3,3ª,8.8,74.1
156,17,1ª,5.2,43.9
156,17,2ª,8.9,100.0
156,17,3ª,5.4,81.2
156,15,1ª,5.0,90.7
156,15,2ª,8.7,58.9
156,15,3ª,7.3,80.8
156,24,1ª,6.7,91.9
156,24,2ª,6.1,83.4
156,24,3ª,6.1,99.6
156,12,1ª,7.3,88.3
156,12,2ª,4.0,79.3
156,12,3ª,8.3,85.6
156,25,1ª,7.8,100.0
156,25,2ª,8.6,86.4
156,25,3ª,5.5,46.7
157,19,1ª,6.2,80.1
157,19,2ª,7.3,82.7
157,19,3ª,5.9,58.3
157,4,1ª,4.6,92.1
157,4,2ª,9.9,83.5
157,4,3ª,7.2,99.3
157,2,1ª,4.9,90.5
157,2,2ª,5.0,98.0
157,2,3ª,6.8,89.5
157,18,1ª,4.9,95.6
157,18,2ª,10.0,69.9
157,18,3ª,5.8,88.5
157,17,1ª,8.1,76.6
157,17,2ª,0.8,100.0
157,17,3ª,8.0,58.9
157,7,1ª,5.3,100.0
157,7,2ª,9.4,99.1
157,7,3ª,6.1,86.2
158,19,1ª,6.2,100.0
158,19,2ª,4.7,72.9
158,19,3ª,8.5,84.3
158,18,1ª,9.3,74.9
158,18,2ª,6.4,71.2
158,18,3ª,6.5,62.8
158,5,1ª,5.5,63.5
158,5,2ª,7.9,95.7
158,5,3ª,3.0,100.0
158,6,1ª,10.0,85.7
158,6,2ª,5.2,100.0
158,6,3ª,3.9,85.3
158,11,1ª,6.9,100.0
158,11,2ª,7.2,77.5
158,11,3ª,4.6,79.9
158,17,1ª,4.5,85.7
158,17,2ª,5.4,62.6
158,17,3ª,9.0,77.5
159,15,1ª,4.0,82.5
159,15,2ª,6.6,58.8
159,15,3ª,7.2,69.3
159,4,1ª,9.9,92.9
159,4,2ª,5.7,73.8
159,4,3ª,6.3,94.2
159,22,1ª,6.4,81.7
159,22,2ª,6.6,75.9
159,22,3ª,5.8,53.7
159,7,1ª,8.4,89.5
159,7,2ª,5.0,100.0
159,7,3ª,6.7,69.5
159,19,1ª,8.2,91.0
159,19,2ª,7.3,78.6
159,19,3ª,7.4,81.1
159,16,1ª,7.6,56.4
159,16,2ª,5.6,100.0
159,16,3ª,5.0,75.9
160,3,1ª,5.6,66.8
160,3,2ª,2.1,81.5
160,3,3ª,6.8,84.2
160,17,1ª,6.2,85.6
160,17,2ª,8.5,82.1
160,17,3ª,5.4,80.8
160,15,1ª,7.7,100.0
160,15,2ª,5.2,86.5
160,15,3ª,7.2,70.1
160,2,1ª,6.5,63.0
160,2,2ª,3.0,90.5
160,2,3ª,5.7,88.0
160,23,1ª,6.5,70.4
160,23,2ª,6.4,66.5
160,23,3ª,9.3,64.7
160,5,1ª,6.1,69.4
160,5,2ª,7.6,80.0
160,5,3ª,5.5,97.8
161,17,1ª,6.6,92.7
161,17,2ª,4.5,63.9
161,17,3ª,6.7,80.2
161,14,1ª,7.8,83.8
161,14,2ª,6.9,60.6
161,14,3ª,10.0,82.5
161,15,1ª,7.9,72.5
161,15,2ª,7.1,65.5
161,15,3ª,7.4,79.7
161,19,1ª,6.6,95.5
161,19,2ª,4.0,74.7
161,19,3ª,7.4,100.0
161,2,1ª,6.2,93.9
161,2,2ª,6.3,100.0
161,2,3ª,3.0,86.4
161,18,1ª,3.2,47.4
161,18,2ª,7.1,87.1
161,18,3ª,5.9,83.4
162,15,1ª,10.0,81.1
162,15,2ª,7.5,75.3
162,15,3ª,7.1,81.4
162,22,1ª,5.7,100.0
162,22,2ª,8.9,87.1
162,22,3ª,1.9,79.6
162,10,1ª,10.0,81.5
162,10,2ª,8.7,100.0
162,10,3ª,6.9,72.4
162,1,1ª,1.6,95.3
162,1,2ª,4.9,87.6
162,1,3ª,4.0,81.0
162,13,1ª,6.6,89.0
162,13,2ª,4.3,100.0
162,13,3ª,5.3,59.9
162,9,1ª,6.3,85.5
162,9,2ª,6.8,100.0
162,9,3ª,6.0,83.2
163,1,1ª,4.3,97.3
163,1,2ª,6.9,78.7
163,1,3ª,2.7,100.0
163,24,1ª,4.0,76.1
163,24,2ª,7.2,67.1
163,24,3ª,3.5,53.1
163,7,1ª,7.9,76.8
163,7,2ª,10.0,70.1
163,7,3ª,4.7,76.5
163,19,1ª,7.0,77.9
163,19,2ª,7.7,70.3
163,19,3ª,3.7,58.0
163,3,1ª,2.1,77.2
163,3,2ª,5.9,75.5
163,3,3ª,9.0,100.0
163,2,1ª,5.8,58.1
163,2,2ª,5.4,76.0
163,2,3ª,5.2,74.5
164,14,1ª,5.2,79.2
164,14,2ª,5.2,88.1
164,14,3ª,7.2,71.3
164,12,1ª,9.0,70.3
164,12,2ª,3.3,90.7
164,12,3ª,4.9,89.8
164,23,1ª,1.7,100.0
164,23,2ª,7.8,62.5
164,23,3ª,3.5,100.0
164,3,1ª,5.0,72.5
164,3,2ª,2.0,79.7
164,3,3ª,6.0,95.7
164,18,1ª,3.7,62.2
164,18,2ª,7.4,100.0
164,18,3ª,3.4,100.0
164,2,1ª,6.6,100.0
164,2,2ª,6.4,47.2
164,2,3ª,6.2,100.0
165,3,1ª,4.7,79.2
165,3,2ª,6.1,41.5
165,3,3ª,9.8,71.5
165,16,1ª,7.5,83.7
165,16,2ª,9.0,91.1
165,16,3ª,6.0,71.6
165,2,1ª,8.1,56.9
165,2,2ª,7.8,68.5
165,2,3ª,9.0,87.4
165,10,1ª,7.8,86.2
165,10,2ª,3.0,72.1
165,10,3ª,7.8,87.5
165,14,1ª,8.9,91.0
165,14,2ª,4.6,73.1
165,14,3ª,6.7,50.3
165,6,1ª,9.8,91.6
165,6,2ª,9.0,61.3
165,6,3ª,9.0,100.0
166,25,1ª,3.9,96.6
166,25,2ª,6.5,61.8
166,25,3ª,7.5,97.5
166,5,1ª,5.3,100.0
166,5,2ª,3.2,62.6
166,5,3ª,6.8,85.4
166,21,1ª,5.1,97.1
166,21,2ª,7.6,97.9
166,21,3ª,6.3,94.0
166,23,1ª,5.6,100.0
166,23,2ª,4.9,100.0
166,23,3ª,6.6,64.4
166,14,1ª,9.2,86.9
166,14,2ª,8.2,100.0
166,14,3ª,7.2,76.1
166,12,1ª,8.5,85.0
166,12,2ª,7.9,52.7
166,12,3ª,7.4,75.4
167,13,1ª,9.8,94.3
167,13,2ª,7.0,92.3
167,13,3ª,4.5,100.0
167,15,1ª,10.0,90.9
167,15,2ª,9.7,76.5
167,15,3ª,4.9,85.6
167,25,1ª,7.4,79.1
167,25,2ª,7.6,89.6
167,25,3ª,4.5,92.8
167,23,1ª,8.2,87.6
167,23,2ª,8.8,66.7
167,23,3ª,7.4,67.4
167,3,1ª,4.3,75.5
167,3,2ª,4.6,76.8
167,3,3ª,6.1,97.6
167,18,1ª,5.9,61.2
167,18,2ª,8.8,72.4
167,18,3ª,6.4,91.7
168,5,1ª,6.9,100.0
168,5,2ª,7.5,72.1
168,5,3ª,10.0,87.9
168,21,1ª,6.2,99.5
168,21,2ª,7.0,91.0
168,21,3ª,10.0,80.9
168,12,1ª,5.9,86.7
168,12,2ª,8.6,62.4
168,12,3ª,2.6,76.2
168,4,1ª,3.2,78.6
168,4,2ª,7.5,71.6
168,4,3ª,3.6,86.0
168,6,1ª,8.2,59.6
168,6,2ª,8.1,97.3
168,6,3ª,8.4,100.0
168,18,1ª,10.0,79.7
168,18,2ª,6.7,78.8
168,18,3ª,6.5,100.0
169,13,1ª,3.8,72.1
169,13,2ª,9.3,100.0
169,13,3ª,5.8,97.8
169,17,1ª,7.2,100.0
169,17,2ª,6.6,100.0
169,17,3ª,10.0,94.0
169,5,1ª,6.6,95.8
169,5,2ª,5.8,100.0
169,5,3ª,6.9,80.9
169,8,1ª,4.8,100.0
169,8,2ª,8.2,77.5
169,8,3ª,7.7,62.4
169,1,1ª,6.9,91.8
169,1,2ª,9.9,73.4
169,1,3ª,3.9,71.6
169,21,1ª,3.8,100.0
169,21,2ª,9.6,89.8
169,21,3ª,8.9,87.0
170,10,1ª,6.3,80.0
170,10,2ª,5.9,61.8
170,10,3ª,7.0,84.4
170,15,1ª,8.0,86.4
170,15,2ª,6.2,71.9
170,15,3ª,6.6,96.1
170,22,1ª,4.2,86.3
170,22,2ª,7.0,74.2
170,22,3ª,5.3,88.5
170,18,1ª,4.2,90.2
170,18,2ª,4.7,100.0
170,18,3ª,10.0,72.1
170,14,1ª,7.6,74.1
170,14,2ª,8.6,66.0
170,14,3ª,7.5,71.9
170,23,1ª,6.1,69.5
170,23,2ª,8.1,72.4
170,23,3ª,7.6,79.8
171,13,1ª,6.3,87.2
171,13,2ª,5.0,88.2
171,13,3ª,9.6,73.3
171,8,1ª,8.8,100.0
171,8,2ª,4.9,63.2
171,8,3ª,7.1,76.8
171,24,1ª,10.0,85.5
171,24,2ª,4.9,67.8
171,24,3ª,8.7,76.4
171,15,1ª,6.6,99.3
171,15,2ª,5.5,84.3
171,15,3ª,6.5,95.2
171,12,1ª,7.7,81.7
171,12,2ª,6.6,79.4
171,12,3ª,3.5,88.9
171,5,1ª,10.0,71.7
171,5,2ª,5.0,71.9
171,5,3ª,7.9,91.7
172,9,1ª,6.2,71.2
172,9,2ª,6.7,61.5
172,9,3ª,6.8,98.1
172,7,1ª,4.0,62.0
172,7,2ª,9.7,75.8
172,7,3ª,8.8,82.7
172,4,1ª,6.2,91.6
172,4,2ª,4.7,87.0
172,4,3ª,5.7,65.2
172,2,1ª,7.2,81.1
172,2,2ª,6.2,66.8
172,2,3ª,9.7,98.2
172,14,1ª,8.4,80.4
172,14,2ª,3.0,100.0
172,14,3ª,6.4,73.8
172,20,1ª,7.3,100.0
172,20,2ª,6.5,100.0
172,20,3ª,8.7,68.9
173,25,1ª,5.2,99.4
173,25,2ª,1.1,82.8
173,25,3ª,3.6,77.9
173,1,1ª,5.9,79.6
173,1,2ª,5.4,68.5
173,1,3ª,10.0,100.0
173,8,1ª,4.2,100.0
173,8,2ª,5.7,86.9
173,8,3ª,6.4,75.1
173,7,1ª,8.5,86.9
173,7,2ª,5.5,65.4
173,7,3ª,4.7,60.4
173,3,1ª,6.5,67.1
173,3,2ª,6.0,100.0
173,3,3ª,8.9,84.5
173,4,1ª,6.3,100.0
173,4,2ª,7.5,80.1
173,4,3ª,3.6,90.9
174,20,1ª,8.2,75.5
174,20,2ª,7.1,79.5
174,20,3ª,6.1,47.7
174,2,1ª,6.1,99.5
174,2,2ª,5.2,85.8
174,2,3ª,5.0,90.4
174,15,1ª,6.1,70.9
174,15,2ª,9.2,98.9
174,15,3ª,5.3,92.5
174,25,1ª,7.6,94.6
174,25,2ª,3.1,100.0
174,25,3ª,5.4,79.6
174,24,1ª,10.0,89.5
174,24,2ª,5.7,51.9
174,24,3ª,9.3,64.8
174,8,1ª,4.5,80.0
174,8,2ª,9.3,96.6
174,8,3ª,6.2,89.6
175,24,1ª,5.3,87.1
175,24,2ª,6.6,99.5
175,24,3ª,8.4,92.4
175,2,1ª,5.8,96.1
175,2,2ª,6.3,68.8
175,2,3ª,5.7,86.3
175,13,1ª,8.3,82.2
175,13,2ª,4.1,85.9
175,13,3ª,6.7,87.8
175,15,1ª,8.3,100.0
175,15,2ª,5.3,75.8
175,15,3ª,4.4,95.5
175,8,1ª,9.4,80.3
175,8,2ª,6.0,100.0
175,8,3ª,7.5,91.5
175,18,1ª,4.1,95.2
175,18,2ª,4.6,68.0
175,18,3ª,5.8,76.2
176,7,1ª,6.1,63.4
176,7,2ª,8.4,100.0
176,7,3ª,2.6,99.7
176,2,1ª,4.9,97.9
176,2,2ª,6.4,85.4
176,2,3ª,6.1,100.0
176,5,1ª,4.0,94.1
176,5,2ª,8.7,95.7
176,5,3ª,10.0,77.1
176,17,1ª,8.4,83.4
176,17,2ª,9.0,84.9
176,17,3ª,5.7,100.0
176,10,1ª,5.5,63.8
176,10,2ª,5.5,94.3
176,10,3ª,9.3,86.7
176,8,1ª,9.1,64.6
176,8,2ª,5.6,80.7
176,8,3ª,6.3,86.3
177,24,1ª,7.9,78.3
177,24,2ª,6.8,84.3
177,24,3ª,4.6,83.3
177,19,1ª,6.2,82.5
177,19,2ª,6.6,86.1
177,19,3ª,5.6,100.0
177,11,1ª,4.2,74.2
177,11,2ª,10.0,69.4
177,11,3ª,3.8,96.0
177,25,1ª,2.3,81.5
177,25,2ª,10.0,61.8
177,25,3ª,2.5,62.5
177,20,1ª,8.3,100.0
177,20,2ª,5.5,95.2
177,20,3ª,9.3,100.0
177,23,1ª,6.0,50.5
177,23,2ª,4.9,78.6
177,23,3ª,6.0,82.2
178,8,1ª,8.7,100.0
178,8,2ª,6.2,100.0
178,8,3ª,7.2,86.0
178,10,1ª,8.3,86.1
178,10,2ª,10.0,63.4
178,10,3ª,5.5,83.1
178,5,1ª,7.4,100.0
178,5,2ª,6.5,63.7
178,5,3ª,8.2,96.3
178,22,1ª,2.6,84.9
178,22,2ª,3.3,75.0
178,22,3ª,4.7,97.1
178,17,1ª,6.7,65.7
178,17,2ª,8.3,63.5
178,17,3ª,7.2,72.8
178,25,1ª,5.8,92.6
178,25,2ª,7.5,100.0
178,25,3ª,6.3,89.6
179,14,1ª,5.6,87.7
179,14,2ª,7.4,83.5
179,14,3ª,2.9,90.0
179,10,1ª,7.2,74.8
179,10,2ª,3.9,100.0
179,10,3ª,7.5,81.6
179,9,1ª,4.2,72.7
179,9,2ª,9.1,87.1
179,9,3ª,5.4,92.6
179,2,1ª,4.9,100.0
179,2,2ª,9.2,78.0
179,2,3ª,5.2,45.7
179,18,1ª,3.5,64.9
179,18,2ª,6.8,80.1
179,18,3ª,3.8,80.8
179,19,1ª,7.5,92.9
179,19,2ª,2.7,83.1
179,19,3ª,3.7,98.5
180,24,1ª,8.1,71.5
180,24,2ª,5.0,78.1
180,24,3ª,2.0,90.0
180,6,1ª,6.0,99.6
180,6,2ª,4.3,75.7
180,6,3ª,3.5,69.9
180,21,1ª,4.1,99.9
180,21,2ª,5.1,86.9
180,21,3ª,5.7,66.0
180,22,1ª,6.2,94.0
180,22,2ª,4.1,97.1
180,22,3ª,4.8,77.8
180,14,1ª,7.6,75.0
180,14,2ª,6.6,80.3
180,14,3ª,6.8,49.3
180,18,1ª,2.8,94.2
180,18,2ª,8.6,71.3
180,18,3ª,6.0,89.4
181,16,1ª,7.9,54.6
181,16,2ª,4.7,80.0
181,16,3ª,7.9,100.0
181,2,1ª,6.0,63.9
181,2,2ª,7.3,100.0
181,2,3ª,6.7,71.4
181,12,1ª,8.4,95.0
181,12,2ª,4.4,90.7
181,12,3ª,8.5,100.0
181,21,1ª,6.4,79.6
181,21,2ª,9.0,66.8
181,21,3ª,7.4,64.4
181,13,1ª,8.6,81.1
181,13,2ª,9.0,92.4
181,13,3ª,4.1,100.0
181,17,1ª,9.6,98.2
181,17,2ª,5.0,80.4
181,17,3ª,6.8,74.4
182,11,1ª,9.9,87.2
182,11,2ª,1.1,90.1
182,11,3ª,5.8,83.9
182,23,1ª,5.8,97.1
182,23,2ª,8.7,89.2
182,23,3ª,5.8,84.4
182,14,1ª,6.5,73.0
182,14,2ª,7.7,91.9
182,14,3ª,9.6,100.0
182,24,1ª,5.1,97.3
182,24,2ª,4.6,95.4
182,24,3ª,5.5,69.7
182,5,1ª,7.1,44.9
182,5,2ª,3.0,82.3
182,5,3ª,6.7,79.5
182,10,1ª,3.3,72.7
182,10,2ª,7.3,93.7
182,10,3ª,6.5,100.0
183,13,1ª,7.3,73.8
183,13,2ª,5.9,64.0
183,13,3ª,6.3,100.0
183,6,1ª,7.9,100.0
183,6,2ª,5.9,100.0
183,6,3ª,6.1,100.0
183,18,1ª,6.5,95.6
183,18,2ª,9.5,82.1
183,18,3ª,6.9,100.0
183,16,1ª,6.2,65.2
183,16,2ª,10.0,78.0
183,16,3ª,6.8,100.0
183,8,1ª,5.3,69.9
183,8,2ª,7.0,58.1
183,8,3ª,5.9,88.7
183,21,1ª,6.0,61.8
183,21,2ª,9.7,86.6
183,21,3ª,9.4,81.1
184,10,1ª,4.7,89.0
184,10,2ª,6.1,67.3
184,10,3ª,9.4,75.7
184,23,1ª,2.8,100.0
184,23,2ª,5.5,75.9
184,23,3ª,3.0,100.0
184,5,1ª,3.9,85.9
184,5,2ª,8.3,91.3
184,5,3ª,6.4,59.5
184,15,1ª,4.9,87.8
184,15,2ª,4.9,88.1
184,15,3ª,7.9,99.4
184,2,1ª,4.0,100.0
184,2,2ª,8.0,85.0
184,2,3ª,8.7,100.0
184,18,1ª,3.6,81.6
184,18,2ª,1.7,87.9
184,18,3ª,7.2,84.4
185,14,1ª,5.2,54.3
185,14,2ª,7.2,100.0
185,14,3ª,5.3,91.6
185,25,1ª,3.4,91.9
185,25,2ª,5.7,73.6
185,25,3ª,5.0,79.1
185,18,1ª,7.3,65.3
185,18,2ª,5.7,84.4
185,18,3ª,4.3,100.0
185,17,1ª,4.8,75.0
185,17,2ª,4.5,100.0
185,17,3ª,7.6,71.0
185,5,1ª,8.7,88.0
185,5,2ª,7.0,79.8
185,5,3ª,5.0,90.1
185,13,1ª,5.4,100.0
185,13,2ª,4.0,100.0
185,13,3ª,6.3,89.5
186,8,1ª,8.2,75.5
186,8,2ª,8.2,44.4
186,8,3ª,5.1,71.1
186,9,1ª,4.0,81.8
186,9,2ª,7.3,95.5
186,9,3ª,7.0,75.0
186,7,1ª,7.2,86.9
186,7,2ª,8.4,96.7
186,7,3ª,6.6,71.5
186,11,1ª,5.2,76.8
186,11,2ª,5.9,89.0
186,11,3ª,7.9,84.2
186,21,1ª,6.5,87.1
186,21,2ª,5.5,71.1
186,21,3ª,3.0,74.6
186,3,1ª,7.4,74.5
186,3,2ª,6.0,92.0
186,3,3ª,7.5,68.8
187,15,1ª,8.5,100.0
187,15,2ª,4.2,72.6
187,15,3ª,8.9,82.8
187,12,1ª,2.1,64.0
187,12,2ª,6.0,67.6
187,12,3ª,5.7,85.5
187,3,1ª,9.4,80.6
187,3,2ª,8.6,100.0
187,3,3ª,9.4,89.3
187,18,1ª,2.6,91.9
187,18,2ª,8.6,83.8
187,18,3ª,10.0,97.9
187,7,1ª,7.6,100.0
187,7,2ª,7.2,47.6
187,7,3ª,5.5,100.0
187,2,1ª,4.9,81.6
187,2,2ª,4.4,100.0
187,2,3ª,9.9,71.7
188,9,1ª,6.8,74.8
188,9,2ª,7.7,92.6
188,9,3ª,8.1,90.0
188,13,1ª,10.0,69.6
188,13,2ª,3.1,79.1
188,13,3ª,3.4,62.6
188,22,1ª,4.5,71.2
188,22,2ª,4.6,92.8
188,22,3ª,5.5,82.3
188,20,1ª,8.3,73.5
188,20,2ª,6.0,90.5
188,20,3ª,2.6,49.2
188,23,1ª,7.2,92.4
188,23,2ª,10.0,87.4
188,23,3ª,8.1,82.1
188,2,1ª,7.1,100.0
188,2,2ª,2.3,91.2
188,2,3ª,10.0,89.2
189,3,1ª,9.8,75.6
189,3,2ª,6.4,85.5
189,3,3ª,2.1,67.5
189,7,1ª,4.3,97.3
189,7,2ª,8.2,89.9
189,7,3ª,8.1,82.5
189,19,1ª,8.9,85.1
189,19,2ª,6.6,81.0
189,19,3ª,7.9,78.7
189,22,1ª,8.5,68.0
189,22,2ª,4.3,95.3
189,22,3ª,6.3,78.2
189,18,1ª,8.3,75.9
189,18,2ª,6.1,100.0
189,18,3ª,9.6,100.0
189,24,1ª,5.9,100.0
189,24,2ª,4.6,71.4
189,24,3ª,1.8,100.0
190,16,1ª,4.8,83.1
190,16,2ª,4.7,95.4
190,16,3ª,5.7,65.4
190,7,1ª,7.4,63.5
190,7,2ª,4.8,53.4
190,7,3ª,3.7,87.7
190,11,1ª,2.6,62.8
190,11,2ª,6.5,76.8
190,11,3ª,10.0,100.0
190,10,1ª,4.8,93.4
190,10,2ª,8.0,76.0
190,10,3ª,3.5,84.8
190,1,1ª,6.2,78.5
190,1,2ª,7.4,73.7
190,1,3ª,4.2,86.6
190,24,1ª,7.3,67.4
190,24,2ª,8.4,58.4
190,24,3ª,5.3,81.1
191,7,1ª,5.2,76.5
191,7,2ª,10.0,72.2
191,7,3ª,10.0,91.6
191,24,1ª,6.7,92.1
191,24,2ª,10.0,70.1
191,24,3ª,4.3,73.7
191,4,1ª,6.6,59.1
191,4,2ª,6.5,100.0
191,4,3ª,6.8,80.6
191,16,1ª,5.3,98.5
191,16,2ª,4.8,100.0
191,16,3ª,10.0,88.9
191,8,1ª,6.5,100.0
191,8,2ª,8.7,72.9
191,8,3ª,5.4,65.2
191,20,1ª,7.3,95.0
191,20,2ª,3.8,78.2
191,20,3ª,3.8,71.5
192,23,1ª,7.6,74.0
192,23,2ª,5.9,60.6
192,23,3ª,6.9,84.3
192,7,1ª,5.0,82.2
192,7,2ª,6.9,72.8
192,7,3ª,3.5,100.0
192,13,1ª,5.2,83.5
192,13,2ª,8.5,100.0
192,13,3ª,4.0,91.7
192,8,1ª,5.1,76.9
192,8,2ª,5.1,68.1
192,8,3ª,6.4,62.9
192,18,1ª,8.4,85.8
192,18,2ª,7.3,78.0
192,18,3ª,5.8,89.3
192,11,1ª,4.2,79.6
192,11,2ª,4.8,71.6
192,11,3ª,2.3,100.0
193,25,1ª,5.1,100.0
193,25,2ª,8.6,65.7
193,25,3ª,4.3,100.0
193,10,1ª,10.0,84.5
193,10,2ª,7.0,75.5
193,10,3ª,7.4,74.2
193,13,1ª,2.4,65.2
193,13,2ª,6.5,68.0
193,13,3ª,6.4,68.9
193,15,1ª,4.9,97.8
193,15,2ª,7.0,84.9
193,15,3ª,8.3,92.2
193,18,1ª,9.4,78.1
193,18,2ª,5.6,65.5
193,18,3ª,5.6,99.5
193,12,1ª,9.1,99.4
193,12,2ª,2.9,100.0
193,12,3ª,2.8,98.5
194,10,1ª,5.8,95.5
194,10,2ª,3.8,100.0
194,10,3ª,3.6,75.0
194,9,1ª,4.5,58.7
194,9,2ª,6.7,100.0
194,9,3ª,10.0,86.5
194,12,1ª,8.7,88.5
194,12,2ª,7.5,79.9
194,12,3ª,6.9,93.1
194,17,1ª,5.3,83.8
194,17,2ª,6.4,97.4
194,17,3ª,4.4,84.2
194,16,1ª,10.0,100.0
194,16,2ª,9.2,85.4
194,16,3ª,7.1,100.0
194,15,1ª,9.6,55.7
194,15,2ª,3.9,100.0
194,15,3ª,5.9,74.9
195,4,1ª,4.0,76.7
195,4,2ª,3.7,100.0
195,4,3ª,6.5,84.1
195,24,1ª,7.7,99.4
195,24,2ª,8.4,100.0
195,24,3ª,5.2,80.5
195,16,1ª,8.0,77.1
195,16,2ª,6.5,91.0
195,16,3ª,8.1,58.3
195,11,1ª,7.9,81.5
195,11,2ª,7.9,96.7
195,11,3ª,9.7,100.0
195,7,1ª,9.2,100.0
195,7,2ª,7.1,85.5
195,7,3ª,8.2,96.0
195,12,1ª,5.9,91.1
195,12,2ª,6.4,72.2
195,12,3ª,9.1,85.8
196,11,1ª,10.0,60.6
196,11,2ª,5.4,85.5
196,11,3ª,8.8,91.0
196,14,1ª,7.1,68.1
196,14,2ª,4.2,89.8
196,14,3ª,3.8,77.0
196,2,1ª,7.5,70.3
196,2,2ª,9.7,100.0
196,2,3ª,3.4,71.0
196,19,1ª,1.9,73.3
196,19,2ª,8.0,78.8
196,19,3ª,7.4,62.2
196,8,1ª,8.1,76.7
196,8,2ª,6.5,83.6
196,8,3ª,4.0,67.7
196,5,1ª,8.4,91.0
196,5,2ª,8.6,89.9
196,5,3ª,6.8,59.1
197,1,1ª,6.0,84.6
197,1,2ª,10.0,95.3
197,1,3ª,9.6,94.0
197,9,1ª,5.1,86.8
197,9,2ª,7.0,70.9
197,9,3ª,5.7,81.9
197,18,1ª,9.7,53.8
197,18,2ª,8.9,70.9
197,18,3ª,3.8,100.0
197,19,1ª,8.0,100.0
197,19,2ª,8.1,100.0
197,19,3ª,7.6,82.7
197,22,1ª,7.2,100.0
197,22,2ª,4.9,75.2
197,22,3ª,5.9,53.4
197,14,1ª,6.8,56.7
197,14,2ª,6.6,98.0
197,14,3ª,5.5,100.0
198,10,1ª,3.6,100.0
198,10,2ª,7.9,59.3
198,10,3ª,10.0,84.0
198,5,1ª,4.7,63.9
198,5,2ª,6.1,83.1
198,5,3ª,6.7,80.5
198,7,1ª,7.8,79.2
198,7,2ª,2.6,82.8
198,7,3ª,1.8,90.3
198,11,1ª,4.5,87.5
198,11,2ª,9.1,70.8
198,11,3ª,8.6,78.5
198,8,1ª,10.0,79.5
198,8,2ª,4.8,95.3
198,8,3ª,5.6,72.4
198,13,1ª,5.5,84.3
198,13,2ª,9.2,56.0
198,13,3ª,6.5,94.4
199,19,1ª,6.9,100.0
199,19,2ª,6.4,82.2
199,19,3ª,7.7,86.5
199,8,1ª,5.7,92.7
199,8,2ª,5.2,75.8
199,8,3ª,5.4,100.0
199,16,1ª,0.1,90.9
199,16,2ª,6.6,59.8
199,16,3ª,7.1,92.1
199,18,1ª,7.7,45.2
199,18,2ª,9.2,73.9
199,18,3ª,7.9,96.1
199,21,1ª,4.7,94.9
199,21,2ª,5.7,53.9
199,21,3ª,8.8,73.4
199,11,1ª,4.8,79.0
199,11,2ª,7.0,84.1
199,11,3ª,7.6,64.9
200,9,1ª,5.0,83.3
200,9,2ª,10.0,83.3
200,9,3ª,8.7,85.6
200,16,1ª,5.5,81.3
200,16,2ª,6.2,94.1
200,16,3ª,9.2,90.4
200,21,1ª,8.9,70.5
200,21,2ª,5.7,74.1
200,21,3ª,7.1,79.6
200,24,1ª,8.0,71.0
200,24,2ª,6.6,95.3
200,24,3ª,2.4,100.0
200,15,1ª,5.9,54.6
200,15,2ª,6.8,85.5
200,15,3ª,6.3,99.9
200,6,1ª,8.0,89.5
200,6,2ª,7.4,83.4
200,6,3ª,10.0,62.8
41,12,3ª,8.0,90.7
96,5,1ª,5.3,83.8
132,22,1ª,7.5,92.4
19,8,1ª,10.0,85.9
197,1,3ª,9.6,94.0
137,2,1ª,4.4,79.4
2,15,1ª,6.9,55.6
177,25,3ª,2.5,62.5
129,5,1ª,6.6,80.4
107,12,3ª,4.6,80.3
61,22,2ª,6.1,79.6
33,11,3ª,3.7,60.3
135,1,2ª,6.7,97.0
27,2,3ª,6.8,74.8
8,17,1ª,6.9,76.0
